-- phpMyAdmin SQL Dump
-- version 5.2.1
-- https://www.phpmyadmin.net/
--
-- Host: 127.0.0.1
-- Generation Time: Nov 12, 2024 at 08:13 AM
-- Server version: 10.4.32-MariaDB
-- PHP Version: 8.2.12

SET SQL_MODE = "NO_AUTO_VALUE_ON_ZERO";
START TRANSACTION;
SET time_zone = "+00:00";


/*!40101 SET @OLD_CHARACTER_SET_CLIENT=@@CHARACTER_SET_CLIENT */;
/*!40101 SET @OLD_CHARACTER_SET_RESULTS=@@CHARACTER_SET_RESULTS */;
/*!40101 SET @OLD_COLLATION_CONNECTION=@@COLLATION_CONNECTION */;
/*!40101 SET NAMES utf8mb4 */;

--
-- Database: `amspkahp`
--

-- --------------------------------------------------------

--
-- Table structure for table `assessments`
--

CREATE TABLE `assessments` (
  `id` bigint(20) UNSIGNED NOT NULL,
  `employee_id` bigint(20) UNSIGNED NOT NULL,
  `criteria_id` bigint(20) UNSIGNED NOT NULL,
  `subcriteria_id` bigint(20) UNSIGNED NOT NULL,
  `value` double NOT NULL DEFAULT 1,
  `normalization_value` double NOT NULL DEFAULT 0,
  `created_at` timestamp NULL DEFAULT NULL,
  `updated_at` timestamp NULL DEFAULT NULL
) ENGINE=InnoDB DEFAULT CHARSET=utf8mb4 COLLATE=utf8mb4_unicode_ci;

--
-- Dumping data for table `assessments`
--

INSERT INTO `assessments` (`id`, `employee_id`, `criteria_id`, `subcriteria_id`, `value`, `normalization_value`, `created_at`, `updated_at`) VALUES
(1, 1, 1, 1, 4, 0.035714285714286, '2023-07-25 16:26:57', '2024-11-06 08:25:49'),
(2, 1, 1, 2, 2, 0.021276595744681, '2023-07-25 16:26:57', '2024-11-06 08:25:50'),
(3, 1, 1, 3, 2, 0.019230769230769, '2023-07-25 16:26:57', '2024-11-06 08:25:50'),
(4, 1, 1, 4, 1, 0.010309278350515, '2023-07-25 16:26:57', '2024-11-06 08:25:50'),
(5, 1, 2, 5, 2, 0.018691588785047, '2023-07-25 16:26:57', '2024-11-06 08:25:50'),
(6, 1, 2, 6, 1, 0.0097087378640777, '2023-07-25 16:26:57', '2024-11-06 08:25:50'),
(7, 1, 2, 7, 3, 0.032967032967033, '2023-07-25 16:26:57', '2024-11-06 08:25:50'),
(8, 1, 2, 8, 2, 0.024390243902439, '2023-07-25 16:26:57', '2024-11-06 08:25:50'),
(9, 1, 2, 9, 1, 0.011627906976744, '2023-07-25 16:26:57', '2024-11-06 08:25:50'),
(10, 1, 3, 10, 3, 0.035294117647059, '2023-07-25 16:26:57', '2024-11-06 08:25:50'),
(11, 1, 3, 11, 3, 0.03030303030303, '2023-07-25 16:26:57', '2024-11-06 08:25:50'),
(12, 1, 3, 12, 1, 0.011111111111111, '2023-07-25 16:26:57', '2024-11-06 08:25:50'),
(13, 1, 3, 13, 2, 0.022988505747126, '2023-07-25 16:26:57', '2024-11-06 08:25:50'),
(14, 1, 3, 14, 2, 0.021505376344086, '2023-07-25 16:26:57', '2024-11-06 08:25:50'),
(15, 2, 1, 1, 3, 0.026785714285714, '2023-07-25 16:26:57', '2024-11-06 08:25:49'),
(16, 2, 1, 2, 2, 0.021276595744681, '2023-07-25 16:26:57', '2024-11-06 08:25:50'),
(17, 2, 1, 3, 2, 0.019230769230769, '2023-07-25 16:26:57', '2024-11-06 08:25:50'),
(18, 2, 1, 4, 3, 0.030927835051546, '2023-07-25 16:26:57', '2024-11-06 08:25:50'),
(19, 2, 2, 5, 3, 0.02803738317757, '2023-07-25 16:26:57', '2024-11-06 08:25:50'),
(20, 2, 2, 6, 2, 0.019417475728155, '2023-07-25 16:26:57', '2024-11-06 08:25:50'),
(21, 2, 2, 7, 3, 0.032967032967033, '2023-07-25 16:26:57', '2024-11-06 08:25:50'),
(22, 2, 2, 8, 2, 0.024390243902439, '2023-07-25 16:26:57', '2024-11-06 08:25:50'),
(23, 2, 2, 9, 3, 0.034883720930233, '2023-07-25 16:26:57', '2024-11-06 08:25:50'),
(24, 2, 3, 10, 2, 0.023529411764706, '2023-07-25 16:26:57', '2024-11-06 08:25:50'),
(25, 2, 3, 11, 4, 0.04040404040404, '2023-07-25 16:26:57', '2024-11-06 08:25:50'),
(26, 2, 3, 12, 4, 0.044444444444444, '2023-07-25 16:26:57', '2024-11-06 08:25:50'),
(27, 2, 3, 13, 3, 0.03448275862069, '2023-07-25 16:26:57', '2024-11-06 08:25:50'),
(28, 2, 3, 14, 3, 0.032258064516129, '2023-07-25 16:26:57', '2024-11-06 08:25:50'),
(29, 3, 1, 1, 4, 0.035714285714286, '2023-07-25 16:26:57', '2024-11-06 08:25:49'),
(30, 3, 1, 2, 3, 0.031914893617021, '2023-07-25 16:26:57', '2024-11-06 08:25:50'),
(31, 3, 1, 3, 4, 0.038461538461538, '2023-07-25 16:26:57', '2024-11-06 08:25:50'),
(32, 3, 1, 4, 4, 0.041237113402062, '2023-07-25 16:26:57', '2024-11-06 08:25:50'),
(33, 3, 2, 5, 4, 0.037383177570093, '2023-07-25 16:26:57', '2024-11-06 08:25:50'),
(34, 3, 2, 6, 3, 0.029126213592233, '2023-07-25 16:26:57', '2024-11-06 08:25:50'),
(35, 3, 2, 7, 3, 0.032967032967033, '2023-07-25 16:26:57', '2024-11-06 08:25:50'),
(36, 3, 2, 8, 1, 0.01219512195122, '2023-07-25 16:26:57', '2024-11-06 08:25:50'),
(37, 3, 2, 9, 4, 0.046511627906977, '2023-07-25 16:26:57', '2024-11-06 08:25:50'),
(38, 3, 3, 10, 3, 0.035294117647059, '2023-07-25 16:26:57', '2024-11-06 08:25:50'),
(39, 3, 3, 11, 4, 0.04040404040404, '2023-07-25 16:26:57', '2024-11-06 08:25:50'),
(40, 3, 3, 12, 4, 0.044444444444444, '2023-07-25 16:26:57', '2024-11-06 08:25:50'),
(41, 3, 3, 13, 4, 0.045977011494253, '2023-07-25 16:26:57', '2024-11-06 08:25:50'),
(42, 3, 3, 14, 2, 0.021505376344086, '2023-07-25 16:26:57', '2024-11-06 08:25:50'),
(43, 4, 1, 1, 3, 0.026785714285714, '2023-07-25 16:26:57', '2024-11-06 08:25:49'),
(44, 4, 1, 2, 2, 0.021276595744681, '2023-07-25 16:26:57', '2024-11-06 08:25:50'),
(45, 4, 1, 3, 3, 0.028846153846154, '2023-07-25 16:26:57', '2024-11-06 08:25:50'),
(46, 4, 1, 4, 4, 0.041237113402062, '2023-07-25 16:26:57', '2024-11-06 08:25:50'),
(47, 4, 2, 5, 4, 0.037383177570093, '2023-07-25 16:26:57', '2024-11-06 08:25:50'),
(48, 4, 2, 6, 4, 0.038834951456311, '2023-07-25 16:26:57', '2024-11-06 08:25:50'),
(49, 4, 2, 7, 3, 0.032967032967033, '2023-07-25 16:26:57', '2024-11-06 08:25:50'),
(50, 4, 2, 8, 3, 0.036585365853659, '2023-07-25 16:26:57', '2024-11-06 08:25:50'),
(51, 4, 2, 9, 1, 0.011627906976744, '2023-07-25 16:26:57', '2024-11-06 08:25:50'),
(52, 4, 3, 10, 3, 0.035294117647059, '2023-07-25 16:26:57', '2024-11-06 08:25:50'),
(53, 4, 3, 11, 3, 0.03030303030303, '2023-07-25 16:26:57', '2024-11-06 08:25:50'),
(54, 4, 3, 12, 3, 0.033333333333333, '2023-07-25 16:26:57', '2024-11-06 08:25:50'),
(55, 4, 3, 13, 3, 0.03448275862069, '2023-07-25 16:26:57', '2024-11-06 08:25:50'),
(56, 4, 3, 14, 1, 0.010752688172043, '2023-07-25 16:26:57', '2024-11-06 08:25:50'),
(57, 5, 1, 1, 4, 0.035714285714286, '2023-07-25 16:26:57', '2024-11-06 08:25:49'),
(58, 5, 1, 2, 3, 0.031914893617021, '2023-07-25 16:26:57', '2024-11-06 08:25:50'),
(59, 5, 1, 3, 3, 0.028846153846154, '2023-07-25 16:26:57', '2024-11-06 08:25:50'),
(60, 5, 1, 4, 2, 0.020618556701031, '2023-07-25 16:26:57', '2024-11-06 08:25:50'),
(61, 5, 2, 5, 2, 0.018691588785047, '2023-07-25 16:26:57', '2024-11-06 08:25:50'),
(62, 5, 2, 6, 4, 0.038834951456311, '2023-07-25 16:26:57', '2024-11-06 08:25:50'),
(63, 5, 2, 7, 3, 0.032967032967033, '2023-07-25 16:26:57', '2024-11-06 08:25:50'),
(64, 5, 2, 8, 3, 0.036585365853659, '2023-07-25 16:26:57', '2024-11-06 08:25:50'),
(65, 5, 2, 9, 2, 0.023255813953488, '2023-07-25 16:26:57', '2024-11-06 08:25:50'),
(66, 5, 3, 10, 1, 0.011764705882353, '2023-07-25 16:26:57', '2024-11-06 08:25:50'),
(67, 5, 3, 11, 2, 0.02020202020202, '2023-07-25 16:26:57', '2024-11-06 08:25:50'),
(68, 5, 3, 12, 2, 0.022222222222222, '2023-07-25 16:26:57', '2024-11-06 08:25:50'),
(69, 5, 3, 13, 2, 0.022988505747126, '2023-07-25 16:26:57', '2024-11-06 08:25:50'),
(70, 5, 3, 14, 4, 0.043010752688172, '2023-07-25 16:26:57', '2024-11-06 08:25:50'),
(71, 6, 1, 1, 3, 0.026785714285714, '2023-07-25 16:26:57', '2024-11-06 08:25:49'),
(72, 6, 1, 2, 3, 0.031914893617021, '2023-07-25 16:26:57', '2024-11-06 08:25:50'),
(73, 6, 1, 3, 2, 0.019230769230769, '2023-07-25 16:26:57', '2024-11-06 08:25:50'),
(74, 6, 1, 4, 3, 0.030927835051546, '2023-07-25 16:26:57', '2024-11-06 08:25:50'),
(75, 6, 2, 5, 3, 0.02803738317757, '2023-07-25 16:26:57', '2024-11-06 08:25:50'),
(76, 6, 2, 6, 3, 0.029126213592233, '2023-07-25 16:26:57', '2024-11-06 08:25:50'),
(77, 6, 2, 7, 2, 0.021978021978022, '2023-07-25 16:26:57', '2024-11-06 08:25:50'),
(78, 6, 2, 8, 2, 0.024390243902439, '2023-07-25 16:26:57', '2024-11-06 08:25:50'),
(79, 6, 2, 9, 3, 0.034883720930233, '2023-07-25 16:26:57', '2024-11-06 08:25:50'),
(80, 6, 3, 10, 3, 0.035294117647059, '2023-07-25 16:26:57', '2024-11-06 08:25:50'),
(81, 6, 3, 11, 3, 0.03030303030303, '2023-07-25 16:26:57', '2024-11-06 08:25:50'),
(82, 6, 3, 12, 1, 0.011111111111111, '2023-07-25 16:26:57', '2024-11-06 08:25:50'),
(83, 6, 3, 13, 1, 0.011494252873563, '2023-07-25 16:26:57', '2024-11-06 08:25:50'),
(84, 6, 3, 14, 4, 0.043010752688172, '2023-07-25 16:26:57', '2024-11-06 08:25:50'),
(85, 7, 1, 1, 4, 0.035714285714286, '2023-07-25 16:26:57', '2024-11-06 08:25:49'),
(86, 7, 1, 2, 2, 0.021276595744681, '2023-07-25 16:26:57', '2024-11-06 08:25:50'),
(87, 7, 1, 3, 3, 0.028846153846154, '2023-07-25 16:26:57', '2024-11-06 08:25:50'),
(88, 7, 1, 4, 4, 0.041237113402062, '2023-07-25 16:26:57', '2024-11-06 08:25:50'),
(89, 7, 2, 5, 4, 0.037383177570093, '2023-07-25 16:26:57', '2024-11-06 08:25:50'),
(90, 7, 2, 6, 4, 0.038834951456311, '2023-07-25 16:26:57', '2024-11-06 08:25:50'),
(91, 7, 2, 7, 1, 0.010989010989011, '2023-07-25 16:26:57', '2024-11-06 08:25:50'),
(92, 7, 2, 8, 2, 0.024390243902439, '2023-07-25 16:26:57', '2024-11-06 08:25:50'),
(93, 7, 2, 9, 1, 0.011627906976744, '2023-07-25 16:26:57', '2024-11-06 08:25:50'),
(94, 7, 3, 10, 2, 0.023529411764706, '2023-07-25 16:26:57', '2024-11-06 08:25:50'),
(95, 7, 3, 11, 1, 0.01010101010101, '2023-07-25 16:26:57', '2024-11-06 08:25:50'),
(96, 7, 3, 12, 2, 0.022222222222222, '2023-07-25 16:26:57', '2024-11-06 08:25:50'),
(97, 7, 3, 13, 2, 0.022988505747126, '2023-07-25 16:26:57', '2024-11-06 08:25:50'),
(98, 7, 3, 14, 1, 0.010752688172043, '2023-07-25 16:26:57', '2024-11-06 08:25:50'),
(99, 8, 1, 1, 3, 0.026785714285714, '2023-07-25 16:26:57', '2024-11-06 08:25:49'),
(100, 8, 1, 2, 3, 0.031914893617021, '2023-07-25 16:26:58', '2024-11-06 08:25:50'),
(101, 8, 1, 3, 4, 0.038461538461538, '2023-07-25 16:26:58', '2024-11-06 08:25:50'),
(102, 8, 1, 4, 2, 0.020618556701031, '2023-07-25 16:26:58', '2024-11-06 08:25:50'),
(103, 8, 2, 5, 3, 0.02803738317757, '2023-07-25 16:26:58', '2024-11-06 08:25:50'),
(104, 8, 2, 6, 3, 0.029126213592233, '2023-07-25 16:26:58', '2024-11-06 08:25:50'),
(105, 8, 2, 7, 3, 0.032967032967033, '2023-07-25 16:26:58', '2024-11-06 08:25:50'),
(106, 8, 2, 8, 2, 0.024390243902439, '2023-07-25 16:26:58', '2024-11-06 08:25:50'),
(107, 8, 2, 9, 1, 0.011627906976744, '2023-07-25 16:26:58', '2024-11-06 08:25:50'),
(108, 8, 3, 10, 3, 0.035294117647059, '2023-07-25 16:26:58', '2024-11-06 08:25:50'),
(109, 8, 3, 11, 2, 0.02020202020202, '2023-07-25 16:26:58', '2024-11-06 08:25:50'),
(110, 8, 3, 12, 3, 0.033333333333333, '2023-07-25 16:26:58', '2024-11-06 08:25:50'),
(111, 8, 3, 13, 3, 0.03448275862069, '2023-07-25 16:26:58', '2024-11-06 08:25:50'),
(112, 8, 3, 14, 3, 0.032258064516129, '2023-07-25 16:26:58', '2024-11-06 08:25:50'),
(715, 52, 1, 1, 4, 0.035714285714286, '2024-11-05 08:14:19', '2024-11-06 08:25:49'),
(716, 52, 1, 2, 2, 0.021276595744681, '2024-11-05 08:14:19', '2024-11-06 08:25:50'),
(717, 52, 1, 3, 2, 0.019230769230769, '2024-11-05 08:14:19', '2024-11-06 08:25:50'),
(718, 52, 1, 4, 3, 0.030927835051546, '2024-11-05 08:14:19', '2024-11-06 08:25:50'),
(719, 52, 2, 5, 2, 0.018691588785047, '2024-11-05 08:14:19', '2024-11-06 08:25:50'),
(720, 52, 2, 6, 3, 0.029126213592233, '2024-11-05 08:14:19', '2024-11-06 08:25:50'),
(721, 52, 2, 7, 2, 0.021978021978022, '2024-11-05 08:14:19', '2024-11-06 08:25:50'),
(722, 52, 2, 8, 3, 0.036585365853659, '2024-11-05 08:14:19', '2024-11-06 08:25:50'),
(723, 52, 2, 9, 3, 0.034883720930233, '2024-11-05 08:14:19', '2024-11-06 08:25:50'),
(724, 52, 3, 10, 4, 0.047058823529412, '2024-11-05 08:14:19', '2024-11-06 08:25:50'),
(725, 52, 3, 11, 3, 0.03030303030303, '2024-11-05 08:14:19', '2024-11-06 08:25:50'),
(726, 52, 3, 12, 4, 0.044444444444444, '2024-11-05 08:14:19', '2024-11-06 08:25:50'),
(727, 52, 3, 13, 2, 0.022988505747126, '2024-11-05 08:14:19', '2024-11-06 08:25:50'),
(728, 52, 3, 14, 2, 0.021505376344086, '2024-11-05 08:14:19', '2024-11-06 08:25:50'),
(729, 55, 1, 1, 3, 0.026785714285714, '2024-11-05 08:14:52', '2024-11-06 08:25:49'),
(730, 55, 1, 2, 3, 0.031914893617021, '2024-11-05 08:14:52', '2024-11-06 08:25:50'),
(731, 55, 1, 3, 2, 0.019230769230769, '2024-11-05 08:14:52', '2024-11-06 08:25:50'),
(732, 55, 1, 4, 4, 0.041237113402062, '2024-11-05 08:14:52', '2024-11-06 08:25:50'),
(733, 55, 2, 5, 3, 0.02803738317757, '2024-11-05 08:14:52', '2024-11-06 08:25:50'),
(734, 55, 2, 6, 3, 0.029126213592233, '2024-11-05 08:14:52', '2024-11-06 08:25:50'),
(735, 55, 2, 7, 3, 0.032967032967033, '2024-11-05 08:14:52', '2024-11-06 08:25:50'),
(736, 55, 2, 8, 4, 0.048780487804878, '2024-11-05 08:14:52', '2024-11-06 08:25:50'),
(737, 55, 2, 9, 2, 0.023255813953488, '2024-11-05 08:14:52', '2024-11-06 08:25:50'),
(738, 55, 3, 10, 3, 0.035294117647059, '2024-11-05 08:14:52', '2024-11-06 08:25:50'),
(739, 55, 3, 11, 4, 0.04040404040404, '2024-11-05 08:14:52', '2024-11-06 08:25:50'),
(740, 55, 3, 12, 3, 0.033333333333333, '2024-11-05 08:14:52', '2024-11-06 08:25:50'),
(741, 55, 3, 13, 1, 0.011494252873563, '2024-11-05 08:14:52', '2024-11-06 08:25:50'),
(742, 55, 3, 14, 1, 0.010752688172043, '2024-11-05 08:14:52', '2024-11-06 08:25:50'),
(743, 56, 1, 1, 4, 0.035714285714286, '2024-11-05 08:15:27', '2024-11-06 08:25:49'),
(744, 56, 1, 2, 3, 0.031914893617021, '2024-11-05 08:15:27', '2024-11-06 08:25:50'),
(745, 56, 1, 3, 4, 0.038461538461538, '2024-11-05 08:15:27', '2024-11-06 08:25:50'),
(746, 56, 1, 4, 2, 0.020618556701031, '2024-11-05 08:15:27', '2024-11-06 08:25:50'),
(747, 56, 2, 5, 4, 0.037383177570093, '2024-11-05 08:15:27', '2024-11-06 08:25:50'),
(748, 56, 2, 6, 4, 0.038834951456311, '2024-11-05 08:15:27', '2024-11-06 08:25:50'),
(749, 56, 2, 7, 4, 0.043956043956044, '2024-11-05 08:15:27', '2024-11-06 08:25:50'),
(750, 56, 2, 8, 2, 0.024390243902439, '2024-11-05 08:15:27', '2024-11-06 08:25:50'),
(751, 56, 2, 9, 3, 0.034883720930233, '2024-11-05 08:15:27', '2024-11-06 08:25:50'),
(752, 56, 3, 10, 2, 0.023529411764706, '2024-11-05 08:15:27', '2024-11-06 08:25:50'),
(753, 56, 3, 11, 4, 0.04040404040404, '2024-11-05 08:15:27', '2024-11-06 08:25:50'),
(754, 56, 3, 12, 2, 0.022222222222222, '2024-11-05 08:15:27', '2024-11-06 08:25:50'),
(755, 56, 3, 13, 2, 0.022988505747126, '2024-11-05 08:15:27', '2024-11-06 08:25:50'),
(756, 56, 3, 14, 2, 0.021505376344086, '2024-11-05 08:15:27', '2024-11-06 08:25:50'),
(757, 57, 1, 1, 3, 0.026785714285714, '2024-11-05 08:16:25', '2024-11-06 08:25:49'),
(758, 57, 1, 2, 4, 0.042553191489362, '2024-11-05 08:16:25', '2024-11-06 08:25:50'),
(759, 57, 1, 3, 3, 0.028846153846154, '2024-11-05 08:16:25', '2024-11-06 08:25:50'),
(760, 57, 1, 4, 2, 0.020618556701031, '2024-11-05 08:16:25', '2024-11-06 08:25:50'),
(761, 57, 2, 5, 3, 0.02803738317757, '2024-11-05 08:16:25', '2024-11-06 08:25:50'),
(762, 57, 2, 6, 3, 0.029126213592233, '2024-11-05 08:16:25', '2024-11-06 08:25:50'),
(763, 57, 2, 7, 2, 0.021978021978022, '2024-11-05 08:16:25', '2024-11-06 08:25:50'),
(764, 57, 2, 8, 2, 0.024390243902439, '2024-11-05 08:16:25', '2024-11-06 08:25:50'),
(765, 57, 2, 9, 4, 0.046511627906977, '2024-11-05 08:16:25', '2024-11-06 08:25:50'),
(766, 57, 3, 10, 1, 0.011764705882353, '2024-11-05 08:16:25', '2024-11-06 08:25:50'),
(767, 57, 3, 11, 3, 0.03030303030303, '2024-11-05 08:16:25', '2024-11-06 08:25:50'),
(768, 57, 3, 12, 1, 0.011111111111111, '2024-11-05 08:16:25', '2024-11-06 08:25:50'),
(769, 57, 3, 13, 3, 0.03448275862069, '2024-11-05 08:16:25', '2024-11-06 08:25:50'),
(770, 57, 3, 14, 3, 0.032258064516129, '2024-11-05 08:16:25', '2024-11-06 08:25:50'),
(771, 58, 1, 1, 4, 0.035714285714286, '2024-11-05 08:16:59', '2024-11-06 08:25:49'),
(772, 58, 1, 2, 2, 0.021276595744681, '2024-11-05 08:16:59', '2024-11-06 08:25:50'),
(773, 58, 1, 3, 2, 0.019230769230769, '2024-11-05 08:16:59', '2024-11-06 08:25:50'),
(774, 58, 1, 4, 3, 0.030927835051546, '2024-11-05 08:16:59', '2024-11-06 08:25:50'),
(775, 58, 2, 5, 2, 0.018691588785047, '2024-11-05 08:16:59', '2024-11-06 08:25:50'),
(776, 58, 2, 6, 2, 0.019417475728155, '2024-11-05 08:16:59', '2024-11-06 08:25:50'),
(777, 58, 2, 7, 3, 0.032967032967033, '2024-11-05 08:16:59', '2024-11-06 08:25:50'),
(778, 58, 2, 8, 1, 0.01219512195122, '2024-11-05 08:16:59', '2024-11-06 08:25:50'),
(779, 58, 2, 9, 2, 0.023255813953488, '2024-11-05 08:16:59', '2024-11-06 08:25:50'),
(780, 58, 3, 10, 3, 0.035294117647059, '2024-11-05 08:16:59', '2024-11-06 08:25:50'),
(781, 58, 3, 11, 2, 0.02020202020202, '2024-11-05 08:16:59', '2024-11-06 08:25:50'),
(782, 58, 3, 12, 2, 0.022222222222222, '2024-11-05 08:16:59', '2024-11-06 08:25:50'),
(783, 58, 3, 13, 4, 0.045977011494253, '2024-11-05 08:16:59', '2024-11-06 08:25:50'),
(784, 58, 3, 14, 2, 0.021505376344086, '2024-11-05 08:16:59', '2024-11-06 08:25:50'),
(785, 59, 1, 1, 3, 0.026785714285714, '2024-11-05 08:17:24', '2024-11-06 08:25:49'),
(786, 59, 1, 2, 3, 0.031914893617021, '2024-11-05 08:17:24', '2024-11-06 08:25:50'),
(787, 59, 1, 3, 4, 0.038461538461538, '2024-11-05 08:17:24', '2024-11-06 08:25:50'),
(788, 59, 1, 4, 2, 0.020618556701031, '2024-11-05 08:17:24', '2024-11-06 08:25:50'),
(789, 59, 2, 5, 3, 0.02803738317757, '2024-11-05 08:17:24', '2024-11-06 08:25:50'),
(790, 59, 2, 6, 4, 0.038834951456311, '2024-11-05 08:17:24', '2024-11-06 08:25:50'),
(791, 59, 2, 7, 3, 0.032967032967033, '2024-11-05 08:17:24', '2024-11-06 08:25:50'),
(792, 59, 2, 8, 3, 0.036585365853659, '2024-11-05 08:17:24', '2024-11-06 08:25:50'),
(793, 59, 2, 9, 3, 0.034883720930233, '2024-11-05 08:17:24', '2024-11-06 08:25:50'),
(794, 59, 3, 10, 2, 0.023529411764706, '2024-11-05 08:17:24', '2024-11-06 08:25:50'),
(795, 59, 3, 11, 1, 0.01010101010101, '2024-11-05 08:17:24', '2024-11-06 08:25:50'),
(796, 59, 3, 12, 3, 0.033333333333333, '2024-11-05 08:17:24', '2024-11-06 08:25:50'),
(797, 59, 3, 13, 2, 0.022988505747126, '2024-11-05 08:17:24', '2024-11-06 08:25:50'),
(798, 59, 3, 14, 1, 0.010752688172043, '2024-11-05 08:17:24', '2024-11-06 08:25:50'),
(799, 60, 1, 1, 2, 0.017857142857143, '2024-11-05 08:17:57', '2024-11-06 08:25:49'),
(800, 60, 1, 2, 4, 0.042553191489362, '2024-11-05 08:17:57', '2024-11-06 08:25:50'),
(801, 60, 1, 3, 3, 0.028846153846154, '2024-11-05 08:17:57', '2024-11-06 08:25:50'),
(802, 60, 1, 4, 2, 0.020618556701031, '2024-11-05 08:17:57', '2024-11-06 08:25:50'),
(803, 60, 2, 5, 4, 0.037383177570093, '2024-11-05 08:17:57', '2024-11-06 08:25:50'),
(804, 60, 2, 6, 3, 0.029126213592233, '2024-11-05 08:17:57', '2024-11-06 08:25:50'),
(805, 60, 2, 7, 2, 0.021978021978022, '2024-11-05 08:17:57', '2024-11-06 08:25:50'),
(806, 60, 2, 8, 4, 0.048780487804878, '2024-11-05 08:17:57', '2024-11-06 08:25:50'),
(807, 60, 2, 9, 2, 0.023255813953488, '2024-11-05 08:17:57', '2024-11-06 08:25:50'),
(808, 60, 3, 10, 1, 0.011764705882353, '2024-11-05 08:17:57', '2024-11-06 08:25:50'),
(809, 60, 3, 11, 3, 0.03030303030303, '2024-11-05 08:17:57', '2024-11-06 08:25:50'),
(810, 60, 3, 12, 4, 0.044444444444444, '2024-11-05 08:17:57', '2024-11-06 08:25:50'),
(811, 60, 3, 13, 3, 0.03448275862069, '2024-11-05 08:17:57', '2024-11-06 08:25:50'),
(812, 60, 3, 14, 2, 0.021505376344086, '2024-11-05 08:17:57', '2024-11-06 08:25:50'),
(813, 61, 1, 1, 4, 0.035714285714286, '2024-11-05 08:18:14', '2024-11-06 08:25:49'),
(814, 61, 1, 2, 3, 0.031914893617021, '2024-11-05 08:18:14', '2024-11-06 08:25:50'),
(815, 61, 1, 3, 2, 0.019230769230769, '2024-11-05 08:18:14', '2024-11-06 08:25:50'),
(816, 61, 1, 4, 3, 0.030927835051546, '2024-11-05 08:18:14', '2024-11-06 08:25:50'),
(817, 61, 2, 5, 3, 0.02803738317757, '2024-11-05 08:18:14', '2024-11-06 08:25:50'),
(818, 61, 2, 6, 2, 0.019417475728155, '2024-11-05 08:18:14', '2024-11-06 08:25:50'),
(819, 61, 2, 7, 3, 0.032967032967033, '2024-11-05 08:18:14', '2024-11-06 08:25:50'),
(820, 61, 2, 8, 4, 0.048780487804878, '2024-11-05 08:18:14', '2024-11-06 08:25:50'),
(821, 61, 2, 9, 3, 0.034883720930233, '2024-11-05 08:18:14', '2024-11-06 08:25:50'),
(822, 61, 3, 10, 2, 0.023529411764706, '2024-11-05 08:18:14', '2024-11-06 08:25:50'),
(823, 61, 3, 11, 2, 0.02020202020202, '2024-11-05 08:18:14', '2024-11-06 08:25:50'),
(824, 61, 3, 12, 1, 0.011111111111111, '2024-11-05 08:18:14', '2024-11-06 08:25:50'),
(825, 61, 3, 13, 4, 0.045977011494253, '2024-11-05 08:18:14', '2024-11-06 08:25:50'),
(826, 61, 3, 14, 2, 0.021505376344086, '2024-11-05 08:18:14', '2024-11-06 08:25:50'),
(827, 62, 1, 1, 2, 0.017857142857143, '2024-11-05 08:18:38', '2024-11-06 08:25:49'),
(828, 62, 1, 2, 1, 0.01063829787234, '2024-11-05 08:18:38', '2024-11-06 08:25:50'),
(829, 62, 1, 3, 3, 0.028846153846154, '2024-11-05 08:18:38', '2024-11-06 08:25:50'),
(830, 62, 1, 4, 2, 0.020618556701031, '2024-11-05 08:18:38', '2024-11-06 08:25:50'),
(831, 62, 2, 5, 2, 0.018691588785047, '2024-11-05 08:18:38', '2024-11-06 08:25:50'),
(832, 62, 2, 6, 4, 0.038834951456311, '2024-11-05 08:18:38', '2024-11-06 08:25:50'),
(833, 62, 2, 7, 2, 0.021978021978022, '2024-11-05 08:18:38', '2024-11-06 08:25:50'),
(834, 62, 2, 8, 2, 0.024390243902439, '2024-11-05 08:18:38', '2024-11-06 08:25:50'),
(835, 62, 2, 9, 1, 0.011627906976744, '2024-11-05 08:18:38', '2024-11-06 08:25:50'),
(836, 62, 3, 10, 3, 0.035294117647059, '2024-11-05 08:18:38', '2024-11-06 08:25:50'),
(837, 62, 3, 11, 3, 0.03030303030303, '2024-11-05 08:18:38', '2024-11-06 08:25:50'),
(838, 62, 3, 12, 2, 0.022222222222222, '2024-11-05 08:18:38', '2024-11-06 08:25:50'),
(839, 62, 3, 13, 3, 0.03448275862069, '2024-11-05 08:18:38', '2024-11-06 08:25:50'),
(840, 62, 3, 14, 3, 0.032258064516129, '2024-11-05 08:18:38', '2024-11-06 08:25:50'),
(841, 63, 1, 1, 4, 0.035714285714286, '2024-11-05 08:18:55', '2024-11-06 08:25:49'),
(842, 63, 1, 2, 2, 0.021276595744681, '2024-11-05 08:18:55', '2024-11-06 08:25:50'),
(843, 63, 1, 3, 4, 0.038461538461538, '2024-11-05 08:18:55', '2024-11-06 08:25:50'),
(844, 63, 1, 4, 3, 0.030927835051546, '2024-11-05 08:18:55', '2024-11-06 08:25:50'),
(845, 63, 2, 5, 3, 0.02803738317757, '2024-11-05 08:18:55', '2024-11-06 08:25:50'),
(846, 63, 2, 6, 3, 0.029126213592233, '2024-11-05 08:18:55', '2024-11-06 08:25:50'),
(847, 63, 2, 7, 3, 0.032967032967033, '2024-11-05 08:18:55', '2024-11-06 08:25:50'),
(848, 63, 2, 8, 3, 0.036585365853659, '2024-11-05 08:18:55', '2024-11-06 08:25:50'),
(849, 63, 2, 9, 2, 0.023255813953488, '2024-11-05 08:18:55', '2024-11-06 08:25:50'),
(850, 63, 3, 10, 4, 0.047058823529412, '2024-11-05 08:18:55', '2024-11-06 08:25:50'),
(851, 63, 3, 11, 4, 0.04040404040404, '2024-11-05 08:18:55', '2024-11-06 08:25:50'),
(852, 63, 3, 12, 3, 0.033333333333333, '2024-11-05 08:18:55', '2024-11-06 08:25:50'),
(853, 63, 3, 13, 3, 0.03448275862069, '2024-11-05 08:18:56', '2024-11-06 08:25:50'),
(854, 63, 3, 14, 4, 0.043010752688172, '2024-11-05 08:18:56', '2024-11-06 08:25:50'),
(855, 65, 1, 1, 3, 0.026785714285714, '2024-11-05 08:19:35', '2024-11-06 08:25:49'),
(856, 65, 1, 2, 3, 0.031914893617021, '2024-11-05 08:19:35', '2024-11-06 08:25:50'),
(857, 65, 1, 3, 2, 0.019230769230769, '2024-11-05 08:19:35', '2024-11-06 08:25:50'),
(858, 65, 1, 4, 3, 0.030927835051546, '2024-11-05 08:19:35', '2024-11-06 08:25:50'),
(859, 65, 2, 5, 4, 0.037383177570093, '2024-11-05 08:19:35', '2024-11-06 08:25:50'),
(860, 65, 2, 6, 2, 0.019417475728155, '2024-11-05 08:19:35', '2024-11-06 08:25:50'),
(861, 65, 2, 7, 2, 0.021978021978022, '2024-11-05 08:19:35', '2024-11-06 08:25:50'),
(862, 65, 2, 8, 2, 0.024390243902439, '2024-11-05 08:19:35', '2024-11-06 08:25:50'),
(863, 65, 2, 9, 3, 0.034883720930233, '2024-11-05 08:19:35', '2024-11-06 08:25:50'),
(864, 65, 3, 10, 2, 0.023529411764706, '2024-11-05 08:19:35', '2024-11-06 08:25:50'),
(865, 65, 3, 11, 3, 0.03030303030303, '2024-11-05 08:19:35', '2024-11-06 08:25:50'),
(866, 65, 3, 12, 4, 0.044444444444444, '2024-11-05 08:19:35', '2024-11-06 08:25:50'),
(867, 65, 3, 13, 2, 0.022988505747126, '2024-11-05 08:19:35', '2024-11-06 08:25:50'),
(868, 65, 3, 14, 4, 0.043010752688172, '2024-11-05 08:19:35', '2024-11-06 08:25:50'),
(869, 66, 1, 1, 4, 0.035714285714286, '2024-11-05 08:20:01', '2024-11-06 08:25:49'),
(870, 66, 1, 2, 3, 0.031914893617021, '2024-11-05 08:20:01', '2024-11-06 08:25:50'),
(871, 66, 1, 3, 3, 0.028846153846154, '2024-11-05 08:20:01', '2024-11-06 08:25:50'),
(872, 66, 1, 4, 4, 0.041237113402062, '2024-11-05 08:20:01', '2024-11-06 08:25:50'),
(873, 66, 2, 5, 2, 0.018691588785047, '2024-11-05 08:20:01', '2024-11-06 08:25:50'),
(874, 66, 2, 6, 3, 0.029126213592233, '2024-11-05 08:20:01', '2024-11-06 08:25:50'),
(875, 66, 2, 7, 1, 0.010989010989011, '2024-11-05 08:20:01', '2024-11-06 08:25:50'),
(876, 66, 2, 8, 1, 0.01219512195122, '2024-11-05 08:20:01', '2024-11-06 08:25:50'),
(877, 66, 2, 9, 1, 0.011627906976744, '2024-11-05 08:20:01', '2024-11-06 08:25:50'),
(878, 66, 3, 10, 3, 0.035294117647059, '2024-11-05 08:20:01', '2024-11-06 08:25:50'),
(879, 66, 3, 11, 4, 0.04040404040404, '2024-11-05 08:20:01', '2024-11-06 08:25:50'),
(880, 66, 3, 12, 4, 0.044444444444444, '2024-11-05 08:20:01', '2024-11-06 08:25:50'),
(881, 66, 3, 13, 1, 0.011494252873563, '2024-11-05 08:20:01', '2024-11-06 08:25:50'),
(882, 66, 3, 14, 4, 0.043010752688172, '2024-11-05 08:20:01', '2024-11-06 08:25:50'),
(883, 67, 1, 1, 2, 0.017857142857143, '2024-11-05 08:20:33', '2024-11-06 08:25:49'),
(884, 67, 1, 2, 2, 0.021276595744681, '2024-11-05 08:20:33', '2024-11-06 08:25:50'),
(885, 67, 1, 3, 4, 0.038461538461538, '2024-11-05 08:20:33', '2024-11-06 08:25:50'),
(886, 67, 1, 4, 2, 0.020618556701031, '2024-11-05 08:20:33', '2024-11-06 08:25:50'),
(887, 67, 2, 5, 3, 0.02803738317757, '2024-11-05 08:20:33', '2024-11-06 08:25:50'),
(888, 67, 2, 6, 4, 0.038834951456311, '2024-11-05 08:20:33', '2024-11-06 08:25:50'),
(889, 67, 2, 7, 3, 0.032967032967033, '2024-11-05 08:20:33', '2024-11-06 08:25:50'),
(890, 67, 2, 8, 1, 0.01219512195122, '2024-11-05 08:20:33', '2024-11-06 08:25:50'),
(891, 67, 2, 9, 2, 0.023255813953488, '2024-11-05 08:20:33', '2024-11-06 08:25:50'),
(892, 67, 3, 10, 4, 0.047058823529412, '2024-11-05 08:20:33', '2024-11-06 08:25:50'),
(893, 67, 3, 11, 3, 0.03030303030303, '2024-11-05 08:20:33', '2024-11-06 08:25:50'),
(894, 67, 3, 12, 4, 0.044444444444444, '2024-11-05 08:20:33', '2024-11-06 08:25:50'),
(895, 67, 3, 13, 2, 0.022988505747126, '2024-11-05 08:20:33', '2024-11-06 08:25:50'),
(896, 67, 3, 14, 4, 0.043010752688172, '2024-11-05 08:20:33', '2024-11-06 08:25:50'),
(897, 68, 1, 1, 3, 0.026785714285714, '2024-11-05 08:20:51', '2024-11-06 08:25:49'),
(898, 68, 1, 2, 3, 0.031914893617021, '2024-11-05 08:20:51', '2024-11-06 08:25:50'),
(899, 68, 1, 3, 3, 0.028846153846154, '2024-11-05 08:20:51', '2024-11-06 08:25:50'),
(900, 68, 1, 4, 3, 0.030927835051546, '2024-11-05 08:20:51', '2024-11-06 08:25:50'),
(901, 68, 2, 5, 1, 0.0093457943925234, '2024-11-05 08:20:51', '2024-11-06 08:25:50'),
(902, 68, 2, 6, 2, 0.019417475728155, '2024-11-05 08:20:51', '2024-11-06 08:25:50'),
(903, 68, 2, 7, 3, 0.032967032967033, '2024-11-05 08:20:51', '2024-11-06 08:25:50'),
(904, 68, 2, 8, 3, 0.036585365853659, '2024-11-05 08:20:51', '2024-11-06 08:25:50'),
(905, 68, 2, 9, 3, 0.034883720930233, '2024-11-05 08:20:51', '2024-11-06 08:25:50'),
(906, 68, 3, 10, 3, 0.035294117647059, '2024-11-05 08:20:51', '2024-11-06 08:25:50'),
(907, 68, 3, 11, 2, 0.02020202020202, '2024-11-05 08:20:51', '2024-11-06 08:25:50'),
(908, 68, 3, 12, 1, 0.011111111111111, '2024-11-05 08:20:51', '2024-11-06 08:25:50'),
(909, 68, 3, 13, 3, 0.03448275862069, '2024-11-05 08:20:51', '2024-11-06 08:25:50'),
(910, 68, 3, 14, 4, 0.043010752688172, '2024-11-05 08:20:51', '2024-11-06 08:25:50'),
(911, 69, 1, 1, 2, 0.017857142857143, '2024-11-05 08:21:08', '2024-11-06 08:25:49'),
(912, 69, 1, 2, 4, 0.042553191489362, '2024-11-05 08:21:08', '2024-11-06 08:25:50'),
(913, 69, 1, 3, 2, 0.019230769230769, '2024-11-05 08:21:08', '2024-11-06 08:25:50'),
(914, 69, 1, 4, 4, 0.041237113402062, '2024-11-05 08:21:08', '2024-11-06 08:25:50'),
(915, 69, 2, 5, 3, 0.02803738317757, '2024-11-05 08:21:08', '2024-11-06 08:25:50'),
(916, 69, 2, 6, 1, 0.0097087378640777, '2024-11-05 08:21:08', '2024-11-06 08:25:50'),
(917, 69, 2, 7, 3, 0.032967032967033, '2024-11-05 08:21:08', '2024-11-06 08:25:50'),
(918, 69, 2, 8, 2, 0.024390243902439, '2024-11-05 08:21:08', '2024-11-06 08:25:50'),
(919, 69, 2, 9, 1, 0.011627906976744, '2024-11-05 08:21:08', '2024-11-06 08:25:50'),
(920, 69, 3, 10, 2, 0.023529411764706, '2024-11-05 08:21:08', '2024-11-06 08:25:50'),
(921, 69, 3, 11, 1, 0.01010101010101, '2024-11-05 08:21:08', '2024-11-06 08:25:50'),
(922, 69, 3, 12, 2, 0.022222222222222, '2024-11-05 08:21:08', '2024-11-06 08:25:50'),
(923, 69, 3, 13, 4, 0.045977011494253, '2024-11-05 08:21:08', '2024-11-06 08:25:50'),
(924, 69, 3, 14, 3, 0.032258064516129, '2024-11-05 08:21:08', '2024-11-06 08:25:50'),
(925, 70, 1, 1, 3, 0.026785714285714, '2024-11-05 08:21:36', '2024-11-06 08:25:49'),
(926, 70, 1, 2, 3, 0.031914893617021, '2024-11-05 08:21:36', '2024-11-06 08:25:50'),
(927, 70, 1, 3, 3, 0.028846153846154, '2024-11-05 08:21:36', '2024-11-06 08:25:50'),
(928, 70, 1, 4, 3, 0.030927835051546, '2024-11-05 08:21:36', '2024-11-06 08:25:50'),
(929, 70, 2, 5, 4, 0.037383177570093, '2024-11-05 08:21:36', '2024-11-06 08:25:50'),
(930, 70, 2, 6, 4, 0.038834951456311, '2024-11-05 08:21:36', '2024-11-06 08:25:50'),
(931, 70, 2, 7, 3, 0.032967032967033, '2024-11-05 08:21:36', '2024-11-06 08:25:50'),
(932, 70, 2, 8, 3, 0.036585365853659, '2024-11-05 08:21:36', '2024-11-06 08:25:50'),
(933, 70, 2, 9, 3, 0.034883720930233, '2024-11-05 08:21:36', '2024-11-06 08:25:50'),
(934, 70, 3, 10, 1, 0.011764705882353, '2024-11-05 08:21:36', '2024-11-06 08:25:50'),
(935, 70, 3, 11, 4, 0.04040404040404, '2024-11-05 08:21:36', '2024-11-06 08:25:50'),
(936, 70, 3, 12, 3, 0.033333333333333, '2024-11-05 08:21:36', '2024-11-06 08:25:50'),
(937, 70, 3, 13, 1, 0.011494252873563, '2024-11-05 08:21:36', '2024-11-06 08:25:50'),
(938, 70, 3, 14, 2, 0.021505376344086, '2024-11-05 08:21:36', '2024-11-06 08:25:50'),
(939, 71, 1, 1, 2, 0.017857142857143, '2024-11-05 08:21:50', '2024-11-06 08:25:49'),
(940, 71, 1, 2, 2, 0.021276595744681, '2024-11-05 08:21:50', '2024-11-06 08:25:50'),
(941, 71, 1, 3, 4, 0.038461538461538, '2024-11-05 08:21:50', '2024-11-06 08:25:50'),
(942, 71, 1, 4, 2, 0.020618556701031, '2024-11-05 08:21:50', '2024-11-06 08:25:50'),
(943, 71, 2, 5, 3, 0.02803738317757, '2024-11-05 08:21:50', '2024-11-06 08:25:50'),
(944, 71, 2, 6, 4, 0.038834951456311, '2024-11-05 08:21:50', '2024-11-06 08:25:50'),
(945, 71, 2, 7, 3, 0.032967032967033, '2024-11-05 08:21:50', '2024-11-06 08:25:50'),
(946, 71, 2, 8, 4, 0.048780487804878, '2024-11-05 08:21:50', '2024-11-06 08:25:50'),
(947, 71, 2, 9, 4, 0.046511627906977, '2024-11-05 08:21:50', '2024-11-06 08:25:50'),
(948, 71, 3, 10, 2, 0.023529411764706, '2024-11-05 08:21:50', '2024-11-06 08:25:50'),
(949, 71, 3, 11, 4, 0.04040404040404, '2024-11-05 08:21:50', '2024-11-06 08:25:50'),
(950, 71, 3, 12, 4, 0.044444444444444, '2024-11-05 08:21:50', '2024-11-06 08:25:50'),
(951, 71, 3, 13, 1, 0.011494252873563, '2024-11-05 08:21:50', '2024-11-06 08:25:50'),
(952, 71, 3, 14, 2, 0.021505376344086, '2024-11-05 08:21:50', '2024-11-06 08:25:50'),
(953, 72, 1, 1, 3, 0.026785714285714, '2024-11-05 08:22:19', '2024-11-06 08:25:49'),
(954, 72, 1, 2, 3, 0.031914893617021, '2024-11-05 08:22:19', '2024-11-06 08:25:50'),
(955, 72, 1, 3, 2, 0.019230769230769, '2024-11-05 08:22:19', '2024-11-06 08:25:50'),
(956, 72, 1, 4, 3, 0.030927835051546, '2024-11-05 08:22:19', '2024-11-06 08:25:50'),
(957, 72, 2, 5, 3, 0.02803738317757, '2024-11-05 08:22:19', '2024-11-06 08:25:50'),
(958, 72, 2, 6, 4, 0.038834951456311, '2024-11-05 08:22:19', '2024-11-06 08:25:50'),
(959, 72, 2, 7, 3, 0.032967032967033, '2024-11-05 08:22:19', '2024-11-06 08:25:50'),
(960, 72, 2, 8, 2, 0.024390243902439, '2024-11-05 08:22:19', '2024-11-06 08:25:50'),
(961, 72, 2, 9, 4, 0.046511627906977, '2024-11-05 08:22:19', '2024-11-06 08:25:50'),
(962, 72, 3, 10, 3, 0.035294117647059, '2024-11-05 08:22:19', '2024-11-06 08:25:50'),
(963, 72, 3, 11, 1, 0.01010101010101, '2024-11-05 08:22:19', '2024-11-06 08:25:50'),
(964, 72, 3, 12, 1, 0.011111111111111, '2024-11-05 08:22:19', '2024-11-06 08:25:50'),
(965, 72, 3, 13, 3, 0.03448275862069, '2024-11-05 08:22:19', '2024-11-06 08:25:50'),
(966, 72, 3, 14, 3, 0.032258064516129, '2024-11-05 08:22:19', '2024-11-06 08:25:50'),
(967, 73, 1, 1, 4, 0.035714285714286, '2024-11-05 08:22:46', '2024-11-06 08:25:49'),
(968, 73, 1, 2, 3, 0.031914893617021, '2024-11-05 08:22:46', '2024-11-06 08:25:50'),
(969, 73, 1, 3, 3, 0.028846153846154, '2024-11-05 08:22:46', '2024-11-06 08:25:50'),
(970, 73, 1, 4, 4, 0.041237113402062, '2024-11-05 08:22:46', '2024-11-06 08:25:50'),
(971, 73, 2, 5, 4, 0.037383177570093, '2024-11-05 08:22:46', '2024-11-06 08:25:50'),
(972, 73, 2, 6, 2, 0.019417475728155, '2024-11-05 08:22:46', '2024-11-06 08:25:50'),
(973, 73, 2, 7, 3, 0.032967032967033, '2024-11-05 08:22:46', '2024-11-06 08:25:50'),
(974, 73, 2, 8, 1, 0.01219512195122, '2024-11-05 08:22:46', '2024-11-06 08:25:50'),
(975, 73, 2, 9, 4, 0.046511627906977, '2024-11-05 08:22:46', '2024-11-06 08:25:50'),
(976, 73, 3, 10, 2, 0.023529411764706, '2024-11-05 08:22:46', '2024-11-06 08:25:50'),
(977, 73, 3, 11, 2, 0.02020202020202, '2024-11-05 08:22:46', '2024-11-06 08:25:50'),
(978, 73, 3, 12, 2, 0.022222222222222, '2024-11-05 08:22:46', '2024-11-06 08:25:50'),
(979, 73, 3, 13, 4, 0.045977011494253, '2024-11-05 08:22:46', '2024-11-06 08:25:50'),
(980, 73, 3, 14, 3, 0.032258064516129, '2024-11-05 08:22:46', '2024-11-06 08:25:50'),
(981, 74, 1, 1, 4, 0.035714285714286, '2024-11-05 08:23:32', '2024-11-06 08:25:50'),
(982, 74, 1, 2, 3, 0.031914893617021, '2024-11-05 08:23:32', '2024-11-06 08:25:50'),
(983, 74, 1, 3, 4, 0.038461538461538, '2024-11-05 08:23:32', '2024-11-06 08:25:50'),
(984, 74, 1, 4, 2, 0.020618556701031, '2024-11-05 08:23:32', '2024-11-06 08:25:50'),
(985, 74, 2, 5, 4, 0.037383177570093, '2024-11-05 08:23:32', '2024-11-06 08:25:50'),
(986, 74, 2, 6, 3, 0.029126213592233, '2024-11-05 08:23:32', '2024-11-06 08:25:50'),
(987, 74, 2, 7, 3, 0.032967032967033, '2024-11-05 08:23:32', '2024-11-06 08:25:50'),
(988, 74, 2, 8, 3, 0.036585365853659, '2024-11-05 08:23:32', '2024-11-06 08:25:50'),
(989, 74, 2, 9, 1, 0.011627906976744, '2024-11-05 08:23:32', '2024-11-06 08:25:50'),
(990, 74, 3, 10, 3, 0.035294117647059, '2024-11-05 08:23:32', '2024-11-06 08:25:50'),
(991, 74, 3, 11, 3, 0.03030303030303, '2024-11-05 08:23:32', '2024-11-06 08:25:50'),
(992, 74, 3, 12, 3, 0.033333333333333, '2024-11-05 08:23:32', '2024-11-06 08:25:50'),
(993, 74, 3, 13, 3, 0.03448275862069, '2024-11-05 08:23:32', '2024-11-06 08:25:50'),
(994, 74, 3, 14, 4, 0.043010752688172, '2024-11-05 08:23:32', '2024-11-06 08:25:50'),
(995, 75, 1, 1, 2, 0.017857142857143, '2024-11-05 08:23:55', '2024-11-06 08:25:50'),
(996, 75, 1, 2, 3, 0.031914893617021, '2024-11-05 08:23:55', '2024-11-06 08:25:50'),
(997, 75, 1, 3, 4, 0.038461538461538, '2024-11-05 08:23:55', '2024-11-06 08:25:50'),
(998, 75, 1, 4, 3, 0.030927835051546, '2024-11-05 08:23:55', '2024-11-06 08:25:50'),
(999, 75, 2, 5, 4, 0.037383177570093, '2024-11-05 08:23:55', '2024-11-06 08:25:50'),
(1000, 75, 2, 6, 4, 0.038834951456311, '2024-11-05 08:23:55', '2024-11-06 08:25:50'),
(1001, 75, 2, 7, 3, 0.032967032967033, '2024-11-05 08:23:55', '2024-11-06 08:25:50'),
(1002, 75, 2, 8, 2, 0.024390243902439, '2024-11-05 08:23:55', '2024-11-06 08:25:50'),
(1003, 75, 2, 9, 4, 0.046511627906977, '2024-11-05 08:23:55', '2024-11-06 08:25:50'),
(1004, 75, 3, 10, 2, 0.023529411764706, '2024-11-05 08:23:55', '2024-11-06 08:25:50'),
(1005, 75, 3, 11, 4, 0.04040404040404, '2024-11-05 08:23:55', '2024-11-06 08:25:50'),
(1006, 75, 3, 12, 1, 0.011111111111111, '2024-11-05 08:23:55', '2024-11-06 08:25:50'),
(1007, 75, 3, 13, 3, 0.03448275862069, '2024-11-05 08:23:55', '2024-11-06 08:25:50'),
(1008, 75, 3, 14, 1, 0.010752688172043, '2024-11-05 08:23:55', '2024-11-06 08:25:50'),
(1009, 76, 1, 1, 4, 0.035714285714286, '2024-11-05 08:25:18', '2024-11-06 08:25:50'),
(1010, 76, 1, 2, 3, 0.031914893617021, '2024-11-05 08:25:18', '2024-11-06 08:25:50'),
(1011, 76, 1, 3, 4, 0.038461538461538, '2024-11-05 08:25:18', '2024-11-06 08:25:50'),
(1012, 76, 1, 4, 4, 0.041237113402062, '2024-11-05 08:25:18', '2024-11-06 08:25:50'),
(1013, 76, 2, 5, 3, 0.02803738317757, '2024-11-05 08:25:18', '2024-11-06 08:25:50'),
(1014, 76, 2, 6, 4, 0.038834951456311, '2024-11-05 08:25:18', '2024-11-06 08:25:50'),
(1015, 76, 2, 7, 3, 0.032967032967033, '2024-11-05 08:25:18', '2024-11-06 08:25:50'),
(1016, 76, 2, 8, 2, 0.024390243902439, '2024-11-05 08:25:18', '2024-11-06 08:25:50'),
(1017, 76, 2, 9, 3, 0.034883720930233, '2024-11-05 08:25:18', '2024-11-06 08:25:50'),
(1018, 76, 3, 10, 1, 0.011764705882353, '2024-11-05 08:25:18', '2024-11-06 08:25:50'),
(1019, 76, 3, 11, 2, 0.02020202020202, '2024-11-05 08:25:18', '2024-11-06 08:25:50'),
(1020, 76, 3, 12, 3, 0.033333333333333, '2024-11-05 08:25:18', '2024-11-06 08:25:50'),
(1021, 76, 3, 13, 2, 0.022988505747126, '2024-11-05 08:25:18', '2024-11-06 08:25:50'),
(1022, 76, 3, 14, 2, 0.021505376344086, '2024-11-05 08:25:18', '2024-11-06 08:25:50'),
(1023, 77, 1, 1, 3, 0.026785714285714, '2024-11-05 08:25:42', '2024-11-06 08:25:50'),
(1024, 77, 1, 2, 3, 0.031914893617021, '2024-11-05 08:25:42', '2024-11-06 08:25:50'),
(1025, 77, 1, 3, 2, 0.019230769230769, '2024-11-05 08:25:42', '2024-11-06 08:25:50'),
(1026, 77, 1, 4, 3, 0.030927835051546, '2024-11-05 08:25:42', '2024-11-06 08:25:50'),
(1027, 77, 2, 5, 2, 0.018691588785047, '2024-11-05 08:25:42', '2024-11-06 08:25:50'),
(1028, 77, 2, 6, 3, 0.029126213592233, '2024-11-05 08:25:42', '2024-11-06 08:25:50'),
(1029, 77, 2, 7, 1, 0.010989010989011, '2024-11-05 08:25:42', '2024-11-06 08:25:50'),
(1030, 77, 2, 8, 1, 0.01219512195122, '2024-11-05 08:25:42', '2024-11-06 08:25:50'),
(1031, 77, 2, 9, 2, 0.023255813953488, '2024-11-05 08:25:42', '2024-11-06 08:25:50'),
(1032, 77, 3, 10, 3, 0.035294117647059, '2024-11-05 08:25:42', '2024-11-06 08:25:50'),
(1033, 77, 3, 11, 1, 0.01010101010101, '2024-11-05 08:25:42', '2024-11-06 08:25:50'),
(1034, 77, 3, 12, 4, 0.044444444444444, '2024-11-05 08:25:42', '2024-11-06 08:25:50'),
(1035, 77, 3, 13, 1, 0.011494252873563, '2024-11-05 08:25:42', '2024-11-06 08:25:50'),
(1036, 77, 3, 14, 3, 0.032258064516129, '2024-11-05 08:25:42', '2024-11-06 08:25:50'),
(1037, 78, 1, 1, 3, 0.026785714285714, '2024-11-05 08:25:58', '2024-11-06 08:25:50'),
(1038, 78, 1, 2, 1, 0.01063829787234, '2024-11-05 08:25:58', '2024-11-06 08:25:50'),
(1039, 78, 1, 3, 3, 0.028846153846154, '2024-11-05 08:25:58', '2024-11-06 08:25:50'),
(1040, 78, 1, 4, 4, 0.041237113402062, '2024-11-05 08:25:58', '2024-11-06 08:25:50'),
(1041, 78, 2, 5, 3, 0.02803738317757, '2024-11-05 08:25:58', '2024-11-06 08:25:50'),
(1042, 78, 2, 6, 2, 0.019417475728155, '2024-11-05 08:25:58', '2024-11-06 08:25:50'),
(1043, 78, 2, 7, 3, 0.032967032967033, '2024-11-05 08:25:58', '2024-11-06 08:25:50'),
(1044, 78, 2, 8, 3, 0.036585365853659, '2024-11-05 08:25:58', '2024-11-06 08:25:50'),
(1045, 78, 2, 9, 3, 0.034883720930233, '2024-11-05 08:25:58', '2024-11-06 08:25:50'),
(1046, 78, 3, 10, 1, 0.011764705882353, '2024-11-05 08:25:58', '2024-11-06 08:25:50'),
(1047, 78, 3, 11, 3, 0.03030303030303, '2024-11-05 08:25:58', '2024-11-06 08:25:50'),
(1048, 78, 3, 12, 3, 0.033333333333333, '2024-11-05 08:25:58', '2024-11-06 08:25:50'),
(1049, 78, 3, 13, 2, 0.022988505747126, '2024-11-05 08:25:58', '2024-11-06 08:25:50'),
(1050, 78, 3, 14, 4, 0.043010752688172, '2024-11-05 08:25:58', '2024-11-06 08:25:50'),
(1051, 79, 1, 1, 4, 0.035714285714286, '2024-11-05 08:27:11', '2024-11-06 08:25:50'),
(1052, 79, 1, 2, 2, 0.021276595744681, '2024-11-05 08:27:11', '2024-11-06 08:25:50'),
(1053, 79, 1, 3, 4, 0.038461538461538, '2024-11-05 08:27:11', '2024-11-06 08:25:50'),
(1054, 79, 1, 4, 1, 0.010309278350515, '2024-11-05 08:27:11', '2024-11-06 08:25:50'),
(1055, 79, 2, 5, 4, 0.037383177570093, '2024-11-05 08:27:11', '2024-11-06 08:25:50'),
(1056, 79, 2, 6, 1, 0.0097087378640777, '2024-11-05 08:27:11', '2024-11-06 08:25:50'),
(1057, 79, 2, 7, 1, 0.010989010989011, '2024-11-05 08:27:11', '2024-11-06 08:25:50'),
(1058, 79, 2, 8, 4, 0.048780487804878, '2024-11-05 08:27:11', '2024-11-06 08:25:50'),
(1059, 79, 2, 9, 2, 0.023255813953488, '2024-11-05 08:27:11', '2024-11-06 08:25:50'),
(1060, 79, 3, 10, 3, 0.035294117647059, '2024-11-05 08:27:11', '2024-11-06 08:25:50'),
(1061, 79, 3, 11, 4, 0.04040404040404, '2024-11-05 08:27:11', '2024-11-06 08:25:50'),
(1062, 79, 3, 12, 1, 0.011111111111111, '2024-11-05 08:27:11', '2024-11-06 08:25:50'),
(1063, 79, 3, 13, 3, 0.03448275862069, '2024-11-05 08:27:11', '2024-11-06 08:25:50'),
(1064, 79, 3, 14, 3, 0.032258064516129, '2024-11-05 08:27:11', '2024-11-06 08:25:50'),
(1065, 80, 1, 1, 3, 0.026785714285714, '2024-11-05 08:27:51', '2024-11-06 08:25:50'),
(1066, 80, 1, 2, 3, 0.031914893617021, '2024-11-05 08:27:51', '2024-11-06 08:25:50'),
(1067, 80, 1, 3, 2, 0.019230769230769, '2024-11-05 08:27:51', '2024-11-06 08:25:50'),
(1068, 80, 1, 4, 1, 0.010309278350515, '2024-11-05 08:27:51', '2024-11-06 08:25:50'),
(1069, 80, 2, 5, 4, 0.037383177570093, '2024-11-05 08:27:51', '2024-11-06 08:25:50'),
(1070, 80, 2, 6, 3, 0.029126213592233, '2024-11-05 08:27:51', '2024-11-06 08:25:50'),
(1071, 80, 2, 7, 2, 0.021978021978022, '2024-11-05 08:27:51', '2024-11-06 08:25:50'),
(1072, 80, 2, 8, 2, 0.024390243902439, '2024-11-05 08:27:51', '2024-11-06 08:25:50'),
(1073, 80, 2, 9, 3, 0.034883720930233, '2024-11-05 08:27:51', '2024-11-06 08:25:50'),
(1074, 80, 3, 10, 2, 0.023529411764706, '2024-11-05 08:27:51', '2024-11-06 08:25:50'),
(1075, 80, 3, 11, 3, 0.03030303030303, '2024-11-05 08:27:51', '2024-11-06 08:25:50'),
(1076, 80, 3, 12, 2, 0.022222222222222, '2024-11-05 08:27:51', '2024-11-06 08:25:50'),
(1077, 80, 3, 13, 4, 0.045977011494253, '2024-11-05 08:27:51', '2024-11-06 08:25:50'),
(1078, 80, 3, 14, 3, 0.032258064516129, '2024-11-05 08:27:51', '2024-11-06 08:25:50'),
(1079, 81, 1, 1, 2, 0.017857142857143, '2024-11-05 08:28:07', '2024-11-06 08:25:50'),
(1080, 81, 1, 2, 3, 0.031914893617021, '2024-11-05 08:28:07', '2024-11-06 08:25:50'),
(1081, 81, 1, 3, 3, 0.028846153846154, '2024-11-05 08:28:07', '2024-11-06 08:25:50'),
(1082, 81, 1, 4, 2, 0.020618556701031, '2024-11-05 08:28:07', '2024-11-06 08:25:50'),
(1083, 81, 2, 5, 2, 0.018691588785047, '2024-11-05 08:28:07', '2024-11-06 08:25:50'),
(1084, 81, 2, 6, 2, 0.019417475728155, '2024-11-05 08:28:07', '2024-11-06 08:25:50'),
(1085, 81, 2, 7, 3, 0.032967032967033, '2024-11-05 08:28:07', '2024-11-06 08:25:50'),
(1086, 81, 2, 8, 1, 0.01219512195122, '2024-11-05 08:28:08', '2024-11-06 08:25:50'),
(1087, 81, 2, 9, 2, 0.023255813953488, '2024-11-05 08:28:08', '2024-11-06 08:25:50'),
(1088, 81, 3, 10, 3, 0.035294117647059, '2024-11-05 08:28:08', '2024-11-06 08:25:50'),
(1089, 81, 3, 11, 4, 0.04040404040404, '2024-11-05 08:28:08', '2024-11-06 08:25:50'),
(1090, 81, 3, 12, 3, 0.033333333333333, '2024-11-05 08:28:08', '2024-11-06 08:25:50'),
(1091, 81, 3, 13, 1, 0.011494252873563, '2024-11-05 08:28:08', '2024-11-06 08:25:50'),
(1092, 81, 3, 14, 2, 0.021505376344086, '2024-11-05 08:28:08', '2024-11-06 08:25:50');

-- --------------------------------------------------------

--
-- Table structure for table `criterias`
--

CREATE TABLE `criterias` (
  `id` bigint(20) UNSIGNED NOT NULL,
  `name` varchar(50) NOT NULL,
  `order` tinyint(4) NOT NULL,
  `comparison_column_sum` double NOT NULL DEFAULT 0,
  `normalization_row_sum` double NOT NULL DEFAULT 0,
  `priority` double NOT NULL DEFAULT 0,
  `eigen` double NOT NULL DEFAULT 0,
  `created_at` timestamp NULL DEFAULT NULL,
  `updated_at` timestamp NULL DEFAULT NULL
) ENGINE=InnoDB DEFAULT CHARSET=utf8mb4 COLLATE=utf8mb4_unicode_ci;

--
-- Dumping data for table `criterias`
--

INSERT INTO `criterias` (`id`, `name`, `order`, `comparison_column_sum`, `normalization_row_sum`, `priority`, `eigen`, `created_at`, `updated_at`) VALUES
(1, 'PEDAGOGI', 1, 9, 0.31846897064289, 0.10615632354763, 0.95540691192867, '2023-07-25 16:26:57', '2024-11-05 08:33:21'),
(2, 'KEPRIBADIAN', 2, 4.3333333333333, 0.78149386845039, 0.26049795615013, 1.1288244766506, '2023-07-25 16:26:57', '2024-11-05 08:33:21'),
(3, 'PROFESIONALITAS', 3, 1.5333333333333, 1.9000371609067, 0.63334572030223, 0.9711301044634, '2023-07-25 16:26:57', '2024-11-05 08:33:21');

-- --------------------------------------------------------

--
-- Table structure for table `criteria_comparisons`
--

CREATE TABLE `criteria_comparisons` (
  `id` bigint(20) UNSIGNED NOT NULL,
  `criteria_id` bigint(20) UNSIGNED NOT NULL,
  `row_idx` tinyint(4) NOT NULL,
  `column_idx` tinyint(4) NOT NULL,
  `value` double NOT NULL DEFAULT 1,
  `normalization_value` double NOT NULL DEFAULT 1,
  `created_at` timestamp NULL DEFAULT NULL,
  `updated_at` timestamp NULL DEFAULT NULL
) ENGINE=InnoDB DEFAULT CHARSET=utf8mb4 COLLATE=utf8mb4_unicode_ci;

--
-- Dumping data for table `criteria_comparisons`
--

INSERT INTO `criteria_comparisons` (`id`, `criteria_id`, `row_idx`, `column_idx`, `value`, `normalization_value`, `created_at`, `updated_at`) VALUES
(1, 1, 1, 1, 1, 0.11111111111111, '2023-07-22 16:24:12', '2024-11-05 08:33:21'),
(2, 1, 1, 2, 0.3333333333333333, 0.076923076923078, '2023-07-22 16:24:12', '2024-11-05 08:33:21'),
(3, 1, 1, 3, 0.2, 0.1304347826087, '2023-07-22 16:24:12', '2024-11-05 08:33:21'),
(4, 2, 2, 1, 3, 0.33333333333333, '2023-07-22 16:24:12', '2024-11-05 08:33:21'),
(5, 2, 2, 2, 1, 0.23076923076923, '2023-07-22 16:24:12', '2024-11-05 08:33:21'),
(6, 2, 2, 3, 0.3333333333333333, 0.21739130434783, '2023-07-22 16:24:12', '2024-11-05 08:33:21'),
(7, 3, 3, 1, 5, 0.55555555555556, '2023-07-22 16:24:12', '2024-11-05 08:33:21'),
(8, 3, 3, 2, 3, 0.6923076923077, '2023-07-22 16:24:12', '2024-11-05 08:33:21'),
(9, 3, 3, 3, 1, 0.65217391304349, '2023-07-22 16:24:12', '2024-11-05 08:33:21');

-- --------------------------------------------------------

--
-- Table structure for table `divisions`
--

CREATE TABLE `divisions` (
  `id` bigint(20) UNSIGNED NOT NULL,
  `name` varchar(50) NOT NULL,
  `created_at` timestamp NULL DEFAULT NULL,
  `updated_at` timestamp NULL DEFAULT NULL
) ENGINE=InnoDB DEFAULT CHARSET=utf8mb4 COLLATE=utf8mb4_unicode_ci;

--
-- Dumping data for table `divisions`
--

INSERT INTO `divisions` (`id`, `name`, `created_at`, `updated_at`) VALUES
(1, 'Guru', '2023-07-25 16:26:57', '2024-11-05 08:04:13'),
(2, 'Kepala Sekolah', '2023-07-25 16:26:57', '2024-11-05 08:04:21'),
(3, 'Kepala Laboratorium', '2023-07-25 16:26:57', '2024-11-05 08:04:54'),
(4, 'Tenaga Pendidik', '2023-07-25 16:26:57', '2024-11-05 08:05:19');

-- --------------------------------------------------------

--
-- Table structure for table `employees`
--

CREATE TABLE `employees` (
  `id` bigint(20) UNSIGNED NOT NULL,
  `ein` varchar(6) NOT NULL,
  `name` varchar(50) NOT NULL,
  `division_id` bigint(20) UNSIGNED NOT NULL,
  `assessor_id` bigint(20) UNSIGNED DEFAULT NULL,
  `value` double NOT NULL DEFAULT 0,
  `rangking` int(11) NOT NULL DEFAULT 0,
  `created_at` timestamp NULL DEFAULT NULL,
  `updated_at` timestamp NULL DEFAULT NULL,
  `deleted_at` timestamp NULL DEFAULT NULL
) ENGINE=InnoDB DEFAULT CHARSET=utf8mb4 COLLATE=utf8mb4_unicode_ci;

--
-- Dumping data for table `employees`
--

INSERT INTO `employees` (`id`, `ein`, `name`, `division_id`, `assessor_id`, `value`, `rangking`, `created_at`, `updated_at`, `deleted_at`) VALUES
(1, '100801', 'Adriati Nur Azimmi', 1, 2, 0.021522394457369, 34, '2023-07-25 16:26:57', '2024-11-06 08:25:51', NULL),
(2, '121101', 'Andriani Lubis', 1, 2, 0.033645294990063, 3, '2023-07-25 16:26:57', '2024-11-06 08:25:51', NULL),
(3, '180301', 'Andalia Asmi', 4, 2, 0.034962739199902, 2, '2023-07-25 16:26:57', '2024-11-06 08:25:51', NULL),
(4, '180302', 'Adela Nastasyia', 1, 2, 0.028817746948296, 15, '2023-07-25 16:26:57', '2024-11-06 08:25:51', NULL),
(5, '200102', 'Abduh Hafidzh', 1, 2, 0.028412029982474, 19, '2023-07-25 16:26:57', '2024-11-06 08:25:51', NULL),
(6, '080301', 'Atika Manday', 1, 2, 0.026595729553523, 26, '2023-07-25 16:26:57', '2024-11-06 08:25:51', NULL),
(7, '100101', 'Alya Zahra', 1, 2, 0.019515560065947, 35, '2023-07-25 16:26:57', '2024-11-06 08:25:51', NULL),
(8, '151205', 'Ferdian Akbar', 1, 2, 0.0285431267462, 18, '2023-07-25 16:26:57', '2024-11-06 08:25:51', NULL),
(52, '210301', 'Fitri Meilisa', 1, 2, 0.029824162961892, 12, '2024-11-05 08:14:19', '2024-11-06 08:25:51', NULL),
(55, '210302', 'Hartati Ningsih', 3, 2, 0.028735477687813, 17, '2024-11-05 08:14:51', '2024-11-06 08:25:51', NULL),
(56, '201101', 'Hafni Indriani', 1, 2, 0.029633888609831, 13, '2024-11-05 08:15:27', '2024-11-06 08:25:51', NULL),
(57, '130301', 'Handayani Hasibuan', 1, 2, 0.026910190295448, 25, '2024-11-05 08:16:25', '2024-11-06 08:25:51', NULL),
(58, '210303', 'Haeqal Muqaddas Mizan', 1, 2, 0.025083012448078, 31, '2024-11-05 08:16:58', '2024-11-06 08:25:51', NULL),
(59, '080301', 'Habib Ibnu Shaffiq', 1, 2, 0.023741749388405, 32, '2024-11-05 08:17:24', '2024-11-06 08:25:51', NULL),
(60, '181101', 'Khairin Nisa', 1, 2, 0.030849615341596, 10, '2024-11-05 08:17:57', '2024-11-06 08:25:51', NULL),
(61, '210401', 'Luna Malina', 1, 2, 0.026477706560484, 27, '2024-11-05 08:18:13', '2024-11-06 08:25:51', NULL),
(62, '201201', 'M. Husin', 1, 2, 0.02746995274684, 22, '2024-11-05 08:18:37', '2024-11-06 08:25:51', NULL),
(63, '210101', 'Mentari', 1, 2, 0.035971175425831, 1, '2024-11-05 08:18:54', '2024-11-06 08:25:51', NULL),
(65, '150403', 'Media Gusman', 4, 2, 0.032013786266535, 7, '2024-11-05 08:19:35', '2024-11-06 08:25:51', NULL),
(66, '100201', 'Muhammad Muhlis', 3, 2, 0.031396177746445, 9, '2024-11-05 08:20:01', '2024-11-06 08:25:51', NULL),
(67, '121103', 'Mahdi Rahmad', 1, 2, 0.032793060171275, 5, '2024-11-05 08:20:33', '2024-11-06 08:25:51', NULL),
(68, '180802', 'Nanda Febrian', 1, 2, 0.028286293500332, 20, '2024-11-05 08:20:51', '2024-11-06 08:25:51', NULL),
(69, '151204', 'Junial Muharsaf Ginting', 1, 2, 0.025730619382502, 29, '2024-11-05 08:21:08', '2024-11-06 08:25:51', NULL),
(70, '161201', 'Nazriah Siregar', 1, 2, 0.029953371682715, 11, '2024-11-05 08:21:35', '2024-11-06 08:25:51', NULL),
(71, '091002', 'Prismar Hamidah', 1, 2, 0.032383554827996, 6, '2024-11-05 08:21:49', '2024-11-06 08:25:51', NULL),
(72, '091001', 'Puri Khairunnisa', 1, 2, 0.025459327125187, 30, '2024-11-05 08:22:18', '2024-11-06 08:25:51', NULL),
(73, '150901', 'Putri Febiola Siregar', 1, 2, 0.028839797067331, 14, '2024-11-05 08:22:45', '2024-11-06 08:25:51', NULL),
(74, '111003', 'Reigina Haqraaf', 2, 2, 0.033267171563367, 4, '2024-11-05 08:23:31', '2024-11-06 08:25:51', NULL),
(75, '150404', 'Risvan Siraj Fadoli', 2, 2, 0.027364292281665, 24, '2024-11-05 08:23:55', '2024-11-06 08:25:51', NULL),
(76, '100901', 'Rizka Andini Sitorus', 1, 2, 0.027409885651163, 23, '2024-11-05 08:25:18', '2024-11-06 08:25:51', NULL),
(77, '190602', 'Said Hambali Takhir', 2, 2, 0.023733873175755, 33, '2024-11-05 08:25:42', '2024-11-06 08:25:51', NULL),
(78, '151203', 'Sabrina Tanjung', 1, 2, 0.031868468912345, 8, '2024-11-05 08:25:56', '2024-11-06 08:25:51', NULL),
(79, '190601', 'Taufiq Al-Kausar', 1, 2, 0.027555428763934, 21, '2024-11-05 08:27:11', '2024-11-06 08:25:51', NULL),
(80, '160901', 'Yuanita Gustya', 1, 2, 0.028808353914367, 16, '2024-11-05 08:27:51', '2024-11-06 08:25:51', NULL),
(81, '090801', 'Yasnari', 1, 2, 0.026424984557085, 28, '2024-11-05 08:28:07', '2024-11-06 08:25:51', NULL);

-- --------------------------------------------------------

--
-- Table structure for table `failed_jobs`
--

CREATE TABLE `failed_jobs` (
  `id` bigint(20) UNSIGNED NOT NULL,
  `uuid` varchar(255) NOT NULL,
  `connection` text NOT NULL,
  `queue` text NOT NULL,
  `payload` longtext NOT NULL,
  `exception` longtext NOT NULL,
  `failed_at` timestamp NOT NULL DEFAULT current_timestamp()
) ENGINE=InnoDB DEFAULT CHARSET=utf8mb4 COLLATE=utf8mb4_unicode_ci;

-- --------------------------------------------------------

--
-- Table structure for table `migrations`
--

CREATE TABLE `migrations` (
  `id` int(10) UNSIGNED NOT NULL,
  `migration` varchar(255) NOT NULL,
  `batch` int(11) NOT NULL
) ENGINE=InnoDB DEFAULT CHARSET=utf8mb4 COLLATE=utf8mb4_unicode_ci;

--
-- Dumping data for table `migrations`
--

INSERT INTO `migrations` (`id`, `migration`, `batch`) VALUES
(1, '2014_10_12_000000_create_users_table', 1),
(2, '2019_08_19_000000_create_failed_jobs_table', 1),
(3, '2019_12_14_000001_create_personal_access_tokens_table', 1),
(4, '2023_05_21_073005_create_criterias_table', 1),
(5, '2023_05_21_085350_create_subcriterias_table', 1),
(6, '2023_05_21_112151_create_divisions_table', 1),
(7, '2023_05_21_112752_create_employees_table', 1),
(8, '2023_07_13_115828_create_criteria_comparisons_table', 1),
(9, '2023_07_15_134108_create_subcriteria_comparisons_table', 1),
(10, '2023_07_20_075523_create_assessments_table', 1);

-- --------------------------------------------------------

--
-- Table structure for table `personal_access_tokens`
--

CREATE TABLE `personal_access_tokens` (
  `id` bigint(20) UNSIGNED NOT NULL,
  `tokenable_type` varchar(255) NOT NULL,
  `tokenable_id` bigint(20) UNSIGNED NOT NULL,
  `name` varchar(255) NOT NULL,
  `token` varchar(64) NOT NULL,
  `abilities` text DEFAULT NULL,
  `last_used_at` timestamp NULL DEFAULT NULL,
  `expires_at` timestamp NULL DEFAULT NULL,
  `created_at` timestamp NULL DEFAULT NULL,
  `updated_at` timestamp NULL DEFAULT NULL
) ENGINE=InnoDB DEFAULT CHARSET=utf8mb4 COLLATE=utf8mb4_unicode_ci;

-- --------------------------------------------------------

--
-- Table structure for table `subcriterias`
--

CREATE TABLE `subcriterias` (
  `id` bigint(20) UNSIGNED NOT NULL,
  `criteria_id` bigint(20) UNSIGNED NOT NULL,
  `order` tinyint(4) NOT NULL,
  `name` varchar(50) NOT NULL,
  `comparison_column_sum` double NOT NULL DEFAULT 0,
  `normalization_row_sum` double NOT NULL DEFAULT 0,
  `priority` double NOT NULL DEFAULT 0,
  `eigen` double NOT NULL DEFAULT 0,
  `alternative_column_sum` double NOT NULL DEFAULT 0,
  `created_at` timestamp NULL DEFAULT NULL,
  `updated_at` timestamp NULL DEFAULT NULL
) ENGINE=InnoDB DEFAULT CHARSET=utf8mb4 COLLATE=utf8mb4_unicode_ci;

--
-- Dumping data for table `subcriterias`
--

INSERT INTO `subcriterias` (`id`, `criteria_id`, `order`, `name`, `comparison_column_sum`, `normalization_row_sum`, `priority`, `eigen`, `alternative_column_sum`, `created_at`, `updated_at`) VALUES
(1, 1, 1, 'Interaksi Siswa', 15, 0.21576754021767, 0.065874486958825, 0.98811730438237, 149, '2023-07-25 16:26:57', '2024-11-12 00:13:23'),
(2, 1, 2, 'Kegiatan Pembelajaran', 4.3333333333333, 1.409680140831, 0.21856436735955, 0.94711225855803, 160, '2023-07-25 16:26:57', '2024-11-12 00:13:23'),
(3, 1, 3, 'Pengembangan Kurikulum', 5.25, 1.1627236190919, 0.21414669667682, 1.1242701575533, 155, '2023-07-25 16:26:57', '2024-11-12 00:13:23'),
(4, 1, 4, 'Evaluasi', 1.9761904761905, 0.84562681989793, 0.5014144490048, 0.99089045874759, 158, '2023-07-25 16:26:57', '2024-11-12 00:13:23'),
(5, 2, 1, 'Keteladanan', 15, 0.21576754021767, 0.066705370101596, 1.0005805515239, 160, '2023-07-25 16:26:57', '2024-11-12 00:13:23'),
(6, 2, 2, 'Tanggung Jawab', 4.3333333333333, 1.409680140831, 0.22275761973876, 0.96528301886795, 150, '2023-07-25 16:26:57', '2024-11-12 00:13:23'),
(7, 2, 3, 'Normatif', 3.5333333333333, 1.1627236190919, 0.30275761973876, 1.0697435897436, 161, '2023-07-25 16:26:57', '2024-11-12 00:13:23'),
(8, 2, 4, 'Inklusif', 3.75, 0.84562681989793, 0.26275761973876, 0.98534107402035, 154, '2023-07-25 16:26:57', '2024-11-12 00:13:23'),
(9, 2, 5, 'Disiplin', 7.5, 1.3662018799615, 0.14502177068215, 1.0876632801161, 161, '2023-07-25 16:26:57', '2024-11-12 00:13:23'),
(10, 3, 1, 'Keilmuan', 23, 0.21576754021767, 0.043153508043534, 0.99253068500128, 145, '2023-07-25 16:26:57', '2024-11-12 00:13:23'),
(11, 3, 2, 'Reflektif', 3.6428571428571, 1.409680140831, 0.2819360281662, 1.027052674034, 149, '2023-07-25 16:26:57', '2024-11-12 00:13:23'),
(12, 3, 3, 'Komunikatif', 4.2, 1.1627236190919, 0.23254472381838, 0.9766878400372, 139, '2023-07-25 16:26:57', '2024-11-12 00:13:23'),
(13, 3, 4, 'Integritas', 6.25, 0.84562681989793, 0.16912536397959, 1.0570335248724, 141, '2023-07-25 16:26:57', '2024-11-12 00:13:23'),
(14, 3, 5, 'Inovatif', 3.6666666666667, 1.3662018799615, 0.2732403759923, 1.0018813786384, 93, '2023-07-25 16:26:57', '2024-11-12 00:13:23');

-- --------------------------------------------------------

--
-- Table structure for table `subcriteria_comparisons`
--

CREATE TABLE `subcriteria_comparisons` (
  `id` bigint(20) UNSIGNED NOT NULL,
  `subcriteria_id` bigint(20) UNSIGNED NOT NULL,
  `row_idx` tinyint(4) NOT NULL,
  `column_idx` tinyint(4) NOT NULL,
  `value` double NOT NULL DEFAULT 1,
  `normalization_value` double NOT NULL DEFAULT 1,
  `created_at` timestamp NULL DEFAULT NULL,
  `updated_at` timestamp NULL DEFAULT NULL
) ENGINE=InnoDB DEFAULT CHARSET=utf8mb4 COLLATE=utf8mb4_unicode_ci;

--
-- Dumping data for table `subcriteria_comparisons`
--

INSERT INTO `subcriteria_comparisons` (`id`, `subcriteria_id`, `row_idx`, `column_idx`, `value`, `normalization_value`, `created_at`, `updated_at`) VALUES
(1, 1, 1, 1, 1, 0.066666666666667, '2023-07-22 16:24:12', '2024-11-12 00:11:13'),
(2, 1, 1, 2, 0.3333333333333333, 0.076923076923078, '2023-07-22 16:24:12', '2024-11-12 00:11:13'),
(3, 1, 1, 3, 0.25, 0.047619047619048, '2023-07-22 16:24:12', '2024-11-12 00:11:13'),
(4, 1, 1, 4, 0.14285714285714285, 0.072289156626505, '2023-07-22 16:24:12', '2024-11-12 00:11:13'),
(5, 2, 2, 1, 3, 0.2, '2023-07-22 16:24:12', '2024-11-12 00:11:13'),
(6, 2, 2, 2, 1, 0.23076923076923, '2023-07-22 16:24:12', '2024-11-12 00:11:13'),
(7, 2, 2, 3, 1, 0.19047619047619, '2023-07-22 16:24:12', '2024-11-12 00:11:13'),
(8, 2, 2, 4, 0.5, 0.25301204819277, '2023-07-22 16:24:12', '2024-11-12 00:11:13'),
(9, 3, 3, 1, 4, 0.26666666666667, '2023-07-22 16:24:12', '2024-11-12 00:11:13'),
(10, 3, 3, 2, 1, 0.23076923076923, '2023-07-22 16:24:12', '2024-11-12 00:11:13'),
(11, 3, 3, 3, 1, 0.19047619047619, '2023-07-22 16:24:12', '2024-11-12 00:11:13'),
(12, 3, 3, 4, 0.3333333333333333, 0.16867469879518, '2023-07-22 16:24:12', '2024-11-12 00:11:13'),
(13, 4, 4, 1, 7, 0.46666666666667, '2023-07-22 16:24:12', '2024-11-12 00:11:13'),
(14, 4, 4, 2, 2, 0.46153846153847, '2023-07-22 16:24:12', '2024-11-12 00:11:13'),
(15, 4, 4, 3, 3, 0.57142857142857, '2023-07-22 16:24:12', '2024-11-12 00:11:13'),
(16, 4, 4, 4, 1, 0.50602409638554, '2023-07-22 16:24:12', '2024-11-12 00:11:13'),
(17, 5, 1, 1, 1, 0.066666666666667, '2023-07-22 16:24:12', '2024-11-12 00:12:16'),
(18, 5, 1, 2, 0.3333333333333333, 0.076923076923078, '2023-07-22 16:24:12', '2024-11-12 00:12:16'),
(19, 5, 1, 3, 0.2, 0.056603773584906, '2023-07-22 16:24:12', '2024-11-12 00:12:16'),
(20, 5, 1, 4, 0.25, 0.066666666666667, '2023-07-22 16:24:12', '2024-11-12 00:12:16'),
(21, 5, 1, 5, 0.5, 0.066666666666667, '2023-07-22 16:24:12', '2024-11-12 00:12:16'),
(22, 6, 2, 1, 3, 0.2, '2023-07-22 16:24:12', '2024-11-12 00:12:16'),
(23, 6, 2, 2, 1, 0.23076923076923, '2023-07-22 16:24:12', '2024-11-12 00:12:16'),
(24, 6, 2, 3, 1, 0.28301886792453, '2023-07-22 16:24:12', '2024-11-12 00:12:16'),
(25, 6, 2, 4, 1, 0.26666666666667, '2023-07-22 16:24:12', '2024-11-12 00:12:16'),
(26, 6, 2, 5, 1, 0.13333333333333, '2023-07-22 16:24:12', '2024-11-12 00:12:16'),
(27, 7, 3, 1, 5, 0.33333333333333, '2023-07-22 16:24:12', '2024-11-12 00:12:16'),
(28, 7, 3, 2, 1, 0.23076923076923, '2023-07-22 16:24:12', '2024-11-12 00:12:16'),
(29, 7, 3, 3, 1, 0.28301886792453, '2023-07-22 16:24:12', '2024-11-12 00:12:16'),
(30, 7, 3, 4, 1, 0.26666666666667, '2023-07-22 16:24:12', '2024-11-12 00:12:16'),
(31, 7, 3, 5, 3, 0.4, '2023-07-22 16:24:12', '2024-11-12 00:12:16'),
(32, 8, 4, 1, 4, 0.26666666666667, '2023-07-22 16:24:12', '2024-11-12 00:12:16'),
(33, 8, 4, 2, 1, 0.23076923076923, '2023-07-22 16:24:12', '2024-11-12 00:12:16'),
(34, 8, 4, 3, 1, 0.28301886792453, '2023-07-22 16:24:12', '2024-11-12 00:12:16'),
(35, 8, 4, 4, 1, 0.26666666666667, '2023-07-22 16:24:12', '2024-11-12 00:12:16'),
(36, 8, 4, 5, 2, 0.26666666666667, '2023-07-22 16:24:12', '2024-11-12 00:12:16'),
(37, 9, 5, 1, 2, 0.13333333333333, '2023-07-22 16:24:12', '2024-11-12 00:12:16'),
(38, 9, 5, 2, 1, 0.23076923076923, '2023-07-22 16:24:12', '2024-11-12 00:12:16'),
(39, 9, 5, 3, 0.3333333333333333, 0.09433962264151, '2023-07-22 16:24:12', '2024-11-12 00:12:16'),
(40, 9, 5, 4, 0.5, 0.13333333333333, '2023-07-22 16:24:12', '2024-11-12 00:12:16'),
(41, 9, 5, 5, 1, 0.13333333333333, '2023-07-22 16:24:12', '2024-11-12 00:12:16'),
(42, 10, 1, 1, 1, 0.043478260869565, '2023-07-22 16:24:12', '2024-11-12 00:13:23'),
(43, 10, 1, 2, 0.14285714285714285, 0.03921568627451, '2023-07-22 16:24:12', '2024-11-12 00:13:23'),
(44, 10, 1, 3, 0.2, 0.047619047619048, '2023-07-22 16:24:12', '2024-11-12 00:13:23'),
(45, 10, 1, 4, 0.25, 0.04, '2023-07-22 16:24:12', '2024-11-12 00:13:23'),
(46, 10, 1, 5, 0.16666666666666666, 0.045454545454545, '2023-07-22 16:24:12', '2024-11-12 00:13:23'),
(47, 11, 2, 1, 7, 0.30434782608696, '2023-07-22 16:24:12', '2024-11-12 00:13:23'),
(48, 11, 2, 2, 1, 0.27450980392157, '2023-07-22 16:24:12', '2024-11-12 00:13:23'),
(49, 11, 2, 3, 1, 0.23809523809524, '2023-07-22 16:24:12', '2024-11-12 00:13:23'),
(50, 11, 2, 4, 2, 0.32, '2023-07-22 16:24:12', '2024-11-12 00:13:23'),
(51, 11, 2, 5, 1, 0.27272727272727, '2023-07-22 16:24:12', '2024-11-12 00:13:23'),
(52, 12, 3, 1, 5, 0.21739130434783, '2023-07-22 16:24:12', '2024-11-12 00:13:23'),
(53, 12, 3, 2, 1, 0.27450980392157, '2023-07-22 16:24:12', '2024-11-12 00:13:23'),
(54, 12, 3, 3, 1, 0.23809523809524, '2023-07-22 16:24:12', '2024-11-12 00:13:23'),
(55, 12, 3, 4, 1, 0.16, '2023-07-22 16:24:12', '2024-11-12 00:13:23'),
(56, 12, 3, 5, 1, 0.27272727272727, '2023-07-22 16:24:12', '2024-11-12 00:13:23'),
(57, 13, 4, 1, 4, 0.17391304347826, '2023-07-22 16:24:12', '2024-11-12 00:13:23'),
(58, 13, 4, 2, 0.5, 0.13725490196079, '2023-07-22 16:24:12', '2024-11-12 00:13:23'),
(59, 13, 4, 3, 1, 0.23809523809524, '2023-07-22 16:24:12', '2024-11-12 00:13:23'),
(60, 13, 4, 4, 1, 0.16, '2023-07-22 16:24:12', '2024-11-12 00:13:23'),
(61, 13, 4, 5, 0.5, 0.13636363636364, '2023-07-22 16:24:12', '2024-11-12 00:13:23'),
(62, 14, 5, 1, 6, 0.26086956521739, '2023-07-22 16:24:12', '2024-11-12 00:13:23'),
(63, 14, 5, 2, 1, 0.27450980392157, '2023-07-22 16:24:12', '2024-11-12 00:13:23'),
(64, 14, 5, 3, 1, 0.23809523809524, '2023-07-22 16:24:12', '2024-11-12 00:13:23'),
(65, 14, 5, 4, 2, 0.32, '2023-07-22 16:24:12', '2024-11-12 00:13:23'),
(66, 14, 5, 5, 1, 0.27272727272727, '2023-07-22 16:24:12', '2024-11-12 00:13:23');

-- --------------------------------------------------------

--
-- Table structure for table `users`
--

CREATE TABLE `users` (
  `id` bigint(20) UNSIGNED NOT NULL,
  `name` varchar(255) NOT NULL,
  `email` varchar(255) NOT NULL,
  `password` varchar(255) NOT NULL,
  `role` enum('ADMIN','ASSESSOR') NOT NULL DEFAULT 'ASSESSOR',
  `created_at` timestamp NULL DEFAULT NULL,
  `updated_at` timestamp NULL DEFAULT NULL
) ENGINE=InnoDB DEFAULT CHARSET=utf8mb4 COLLATE=utf8mb4_unicode_ci;

--
-- Dumping data for table `users`
--

INSERT INTO `users` (`id`, `name`, `email`, `password`, `role`, `created_at`, `updated_at`) VALUES
(1, 'Admin', 'admin@admin.com', '$2y$10$sXNXZXsMsuYmbHK4xJEDBuNL.WIB7G973R9epG6RDIims5eRT17gq', 'ADMIN', '2023-07-25 16:26:57', '2023-07-25 16:26:57'),
(2, 'Yayasan', 'yayasan@admin.com', '$2y$10$dNEvBj20ctLlzeE0w.02nuFUB1k6SHC4lV5rw0zFIInLtVIxR6/qK', 'ASSESSOR', '2023-07-25 16:26:57', '2024-11-05 08:06:06');

--
-- Indexes for dumped tables
--

--
-- Indexes for table `assessments`
--
ALTER TABLE `assessments`
  ADD PRIMARY KEY (`id`),
  ADD KEY `assessments_employee_id_foreign` (`employee_id`),
  ADD KEY `assessments_criteria_id_foreign` (`criteria_id`),
  ADD KEY `assessments_subcriteria_id_foreign` (`subcriteria_id`);

--
-- Indexes for table `criterias`
--
ALTER TABLE `criterias`
  ADD PRIMARY KEY (`id`);

--
-- Indexes for table `criteria_comparisons`
--
ALTER TABLE `criteria_comparisons`
  ADD PRIMARY KEY (`id`),
  ADD KEY `criteria_comparisons_criteria_id_foreign` (`criteria_id`);

--
-- Indexes for table `divisions`
--
ALTER TABLE `divisions`
  ADD PRIMARY KEY (`id`);

--
-- Indexes for table `employees`
--
ALTER TABLE `employees`
  ADD PRIMARY KEY (`id`),
  ADD KEY `employees_division_id_foreign` (`division_id`),
  ADD KEY `employees_assessor_id_foreign` (`assessor_id`);

--
-- Indexes for table `failed_jobs`
--
ALTER TABLE `failed_jobs`
  ADD PRIMARY KEY (`id`),
  ADD UNIQUE KEY `failed_jobs_uuid_unique` (`uuid`);

--
-- Indexes for table `migrations`
--
ALTER TABLE `migrations`
  ADD PRIMARY KEY (`id`);

--
-- Indexes for table `personal_access_tokens`
--
ALTER TABLE `personal_access_tokens`
  ADD PRIMARY KEY (`id`),
  ADD UNIQUE KEY `personal_access_tokens_token_unique` (`token`),
  ADD KEY `personal_access_tokens_tokenable_type_tokenable_id_index` (`tokenable_type`,`tokenable_id`);

--
-- Indexes for table `subcriterias`
--
ALTER TABLE `subcriterias`
  ADD PRIMARY KEY (`id`),
  ADD KEY `subcriterias_criteria_id_foreign` (`criteria_id`);

--
-- Indexes for table `subcriteria_comparisons`
--
ALTER TABLE `subcriteria_comparisons`
  ADD PRIMARY KEY (`id`),
  ADD KEY `subcriteria_comparisons_subcriteria_id_foreign` (`subcriteria_id`);

--
-- Indexes for table `users`
--
ALTER TABLE `users`
  ADD PRIMARY KEY (`id`),
  ADD UNIQUE KEY `users_email_unique` (`email`);

--
-- AUTO_INCREMENT for dumped tables
--

--
-- AUTO_INCREMENT for table `assessments`
--
ALTER TABLE `assessments`
  MODIFY `id` bigint(20) UNSIGNED NOT NULL AUTO_INCREMENT, AUTO_INCREMENT=1128;

--
-- AUTO_INCREMENT for table `criterias`
--
ALTER TABLE `criterias`
  MODIFY `id` bigint(20) UNSIGNED NOT NULL AUTO_INCREMENT, AUTO_INCREMENT=4;

--
-- AUTO_INCREMENT for table `criteria_comparisons`
--
ALTER TABLE `criteria_comparisons`
  MODIFY `id` bigint(20) UNSIGNED NOT NULL AUTO_INCREMENT, AUTO_INCREMENT=10;

--
-- AUTO_INCREMENT for table `divisions`
--
ALTER TABLE `divisions`
  MODIFY `id` bigint(20) UNSIGNED NOT NULL AUTO_INCREMENT, AUTO_INCREMENT=10;

--
-- AUTO_INCREMENT for table `employees`
--
ALTER TABLE `employees`
  MODIFY `id` bigint(20) UNSIGNED NOT NULL AUTO_INCREMENT, AUTO_INCREMENT=82;

--
-- AUTO_INCREMENT for table `failed_jobs`
--
ALTER TABLE `failed_jobs`
  MODIFY `id` bigint(20) UNSIGNED NOT NULL AUTO_INCREMENT;

--
-- AUTO_INCREMENT for table `migrations`
--
ALTER TABLE `migrations`
  MODIFY `id` int(10) UNSIGNED NOT NULL AUTO_INCREMENT, AUTO_INCREMENT=11;

--
-- AUTO_INCREMENT for table `personal_access_tokens`
--
ALTER TABLE `personal_access_tokens`
  MODIFY `id` bigint(20) UNSIGNED NOT NULL AUTO_INCREMENT;

--
-- AUTO_INCREMENT for table `subcriterias`
--
ALTER TABLE `subcriterias`
  MODIFY `id` bigint(20) UNSIGNED NOT NULL AUTO_INCREMENT, AUTO_INCREMENT=16;

--
-- AUTO_INCREMENT for table `subcriteria_comparisons`
--
ALTER TABLE `subcriteria_comparisons`
  MODIFY `id` bigint(20) UNSIGNED NOT NULL AUTO_INCREMENT, AUTO_INCREMENT=128;

--
-- AUTO_INCREMENT for table `users`
--
ALTER TABLE `users`
  MODIFY `id` bigint(20) UNSIGNED NOT NULL AUTO_INCREMENT, AUTO_INCREMENT=9;

--
-- Constraints for dumped tables
--

--
-- Constraints for table `assessments`
--
ALTER TABLE `assessments`
  ADD CONSTRAINT `assessments_criteria_id_foreign` FOREIGN KEY (`criteria_id`) REFERENCES `criterias` (`id`) ON DELETE CASCADE,
  ADD CONSTRAINT `assessments_employee_id_foreign` FOREIGN KEY (`employee_id`) REFERENCES `employees` (`id`) ON DELETE CASCADE,
  ADD CONSTRAINT `assessments_subcriteria_id_foreign` FOREIGN KEY (`subcriteria_id`) REFERENCES `subcriterias` (`id`) ON DELETE CASCADE;

--
-- Constraints for table `criteria_comparisons`
--
ALTER TABLE `criteria_comparisons`
  ADD CONSTRAINT `criteria_comparisons_criteria_id_foreign` FOREIGN KEY (`criteria_id`) REFERENCES `criterias` (`id`) ON DELETE CASCADE;

--
-- Constraints for table `employees`
--
ALTER TABLE `employees`
  ADD CONSTRAINT `employees_assessor_id_foreign` FOREIGN KEY (`assessor_id`) REFERENCES `users` (`id`) ON DELETE CASCADE,
  ADD CONSTRAINT `employees_division_id_foreign` FOREIGN KEY (`division_id`) REFERENCES `divisions` (`id`) ON DELETE CASCADE;

--
-- Constraints for table `subcriterias`
--
ALTER TABLE `subcriterias`
  ADD CONSTRAINT `subcriterias_criteria_id_foreign` FOREIGN KEY (`criteria_id`) REFERENCES `criterias` (`id`) ON DELETE CASCADE;

--
-- Constraints for table `subcriteria_comparisons`
--
ALTER TABLE `subcriteria_comparisons`
  ADD CONSTRAINT `subcriteria_comparisons_subcriteria_id_foreign` FOREIGN KEY (`subcriteria_id`) REFERENCES `subcriterias` (`id`) ON DELETE CASCADE;
COMMIT;

/*!40101 SET CHARACTER_SET_CLIENT=@OLD_CHARACTER_SET_CLIENT */;
/*!40101 SET CHARACTER_SET_RESULTS=@OLD_CHARACTER_SET_RESULTS */;
/*!40101 SET COLLATION_CONNECTION=@OLD_COLLATION_CONNECTION */;
