-- Adminer 4.8.1 MySQL 8.0.29 dump

SET NAMES utf8;
SET time_zone = '+00:00';
SET foreign_key_checks = 0;
SET sql_mode = 'NO_AUTO_VALUE_ON_ZERO';

USE `spk-ahp`;

SET NAMES utf8mb4;

INSERT INTO `assessments` (`id`, `employee_id`, `criteria_id`, `subcriteria_id`, `value`, `normalization_value`, `created_at`, `updated_at`) VALUES
(1,	1,	1,	1,	3,	0.020134228187919,	'2023-07-25 16:26:57',	'2023-07-25 16:28:04'),
(2,	1,	1,	2,	3,	0.01875,	'2023-07-25 16:26:57',	'2023-07-25 16:28:04'),
(3,	1,	1,	3,	3,	0.019354838709677,	'2023-07-25 16:26:57',	'2023-07-25 16:28:04'),
(4,	1,	1,	4,	3,	0.018987341772152,	'2023-07-25 16:26:57',	'2023-07-25 16:28:05'),
(5,	1,	2,	5,	3,	0.01875,	'2023-07-25 16:26:57',	'2023-07-25 16:28:05'),
(6,	1,	2,	6,	3,	0.02,	'2023-07-25 16:26:57',	'2023-07-25 16:28:05'),
(7,	1,	2,	7,	4,	0.024844720496894,	'2023-07-25 16:26:57',	'2023-07-25 16:28:05'),
(8,	1,	2,	8,	3,	0.019480519480519,	'2023-07-25 16:26:57',	'2023-07-25 16:28:05'),
(9,	1,	2,	9,	4,	0.024844720496894,	'2023-07-25 16:26:57',	'2023-07-25 16:28:05'),
(10,	1,	3,	10,	3,	0.020689655172414,	'2023-07-25 16:26:57',	'2023-07-25 16:28:05'),
(11,	1,	3,	11,	3,	0.020134228187919,	'2023-07-25 16:26:57',	'2023-07-25 16:28:06'),
(12,	1,	3,	12,	2,	0.014388489208633,	'2023-07-25 16:26:57',	'2023-07-25 16:28:06'),
(13,	1,	3,	13,	2,	0.014184397163121,	'2023-07-25 16:26:57',	'2023-07-25 16:28:06'),
(14,	1,	3,	14,	3,	0.020408163265306,	'2023-07-25 16:26:57',	'2023-07-25 16:28:06'),
(15,	2,	1,	1,	3,	0.020134228187919,	'2023-07-25 16:26:57',	'2023-07-25 16:28:04'),
(16,	2,	1,	2,	3,	0.01875,	'2023-07-25 16:26:57',	'2023-07-25 16:28:04'),
(17,	2,	1,	3,	3,	0.019354838709677,	'2023-07-25 16:26:57',	'2023-07-25 16:28:04'),
(18,	2,	1,	4,	3,	0.018987341772152,	'2023-07-25 16:26:57',	'2023-07-25 16:28:05'),
(19,	2,	2,	5,	3,	0.01875,	'2023-07-25 16:26:57',	'2023-07-25 16:28:05'),
(20,	2,	2,	6,	3,	0.02,	'2023-07-25 16:26:57',	'2023-07-25 16:28:05'),
(21,	2,	2,	7,	3,	0.018633540372671,	'2023-07-25 16:26:57',	'2023-07-25 16:28:05'),
(22,	2,	2,	8,	3,	0.019480519480519,	'2023-07-25 16:26:57',	'2023-07-25 16:28:05'),
(23,	2,	2,	9,	4,	0.024844720496894,	'2023-07-25 16:26:57',	'2023-07-25 16:28:05'),
(24,	2,	3,	10,	3,	0.020689655172414,	'2023-07-25 16:26:57',	'2023-07-25 16:28:05'),
(25,	2,	3,	11,	3,	0.020134228187919,	'2023-07-25 16:26:57',	'2023-07-25 16:28:06'),
(26,	2,	3,	12,	2,	0.014388489208633,	'2023-07-25 16:26:57',	'2023-07-25 16:28:06'),
(27,	2,	3,	13,	2,	0.014184397163121,	'2023-07-25 16:26:57',	'2023-07-25 16:28:06'),
(28,	2,	3,	14,	3,	0.020408163265306,	'2023-07-25 16:26:57',	'2023-07-25 16:28:06'),
(29,	3,	1,	1,	3,	0.020134228187919,	'2023-07-25 16:26:57',	'2023-07-25 16:28:04'),
(30,	3,	1,	2,	3,	0.01875,	'2023-07-25 16:26:57',	'2023-07-25 16:28:04'),
(31,	3,	1,	3,	3,	0.019354838709677,	'2023-07-25 16:26:57',	'2023-07-25 16:28:04'),
(32,	3,	1,	4,	3,	0.018987341772152,	'2023-07-25 16:26:57',	'2023-07-25 16:28:05'),
(33,	3,	2,	5,	3,	0.01875,	'2023-07-25 16:26:57',	'2023-07-25 16:28:05'),
(34,	3,	2,	6,	3,	0.02,	'2023-07-25 16:26:57',	'2023-07-25 16:28:05'),
(35,	3,	2,	7,	3,	0.018633540372671,	'2023-07-25 16:26:57',	'2023-07-25 16:28:05'),
(36,	3,	2,	8,	3,	0.019480519480519,	'2023-07-25 16:26:57',	'2023-07-25 16:28:05'),
(37,	3,	2,	9,	3,	0.018633540372671,	'2023-07-25 16:26:57',	'2023-07-25 16:28:05'),
(38,	3,	3,	10,	3,	0.020689655172414,	'2023-07-25 16:26:57',	'2023-07-25 16:28:05'),
(39,	3,	3,	11,	3,	0.020134228187919,	'2023-07-25 16:26:57',	'2023-07-25 16:28:06'),
(40,	3,	3,	12,	3,	0.02158273381295,	'2023-07-25 16:26:57',	'2023-07-25 16:28:06'),
(41,	3,	3,	13,	3,	0.021276595744681,	'2023-07-25 16:26:57',	'2023-07-25 16:28:06'),
(42,	3,	3,	14,	3,	0.020408163265306,	'2023-07-25 16:26:57',	'2023-07-25 16:28:06'),
(43,	4,	1,	1,	3,	0.020134228187919,	'2023-07-25 16:26:57',	'2023-07-25 16:28:04'),
(44,	4,	1,	2,	3,	0.01875,	'2023-07-25 16:26:57',	'2023-07-25 16:28:04'),
(45,	4,	1,	3,	3,	0.019354838709677,	'2023-07-25 16:26:57',	'2023-07-25 16:28:04'),
(46,	4,	1,	4,	3,	0.018987341772152,	'2023-07-25 16:26:57',	'2023-07-25 16:28:05'),
(47,	4,	2,	5,	3,	0.01875,	'2023-07-25 16:26:57',	'2023-07-25 16:28:05'),
(48,	4,	2,	6,	3,	0.02,	'2023-07-25 16:26:57',	'2023-07-25 16:28:05'),
(49,	4,	2,	7,	3,	0.018633540372671,	'2023-07-25 16:26:57',	'2023-07-25 16:28:05'),
(50,	4,	2,	8,	3,	0.019480519480519,	'2023-07-25 16:26:57',	'2023-07-25 16:28:05'),
(51,	4,	2,	9,	4,	0.024844720496894,	'2023-07-25 16:26:57',	'2023-07-25 16:28:05'),
(52,	4,	3,	10,	3,	0.020689655172414,	'2023-07-25 16:26:57',	'2023-07-25 16:28:05'),
(53,	4,	3,	11,	3,	0.020134228187919,	'2023-07-25 16:26:57',	'2023-07-25 16:28:06'),
(54,	4,	3,	12,	3,	0.02158273381295,	'2023-07-25 16:26:57',	'2023-07-25 16:28:06'),
(55,	4,	3,	13,	3,	0.021276595744681,	'2023-07-25 16:26:57',	'2023-07-25 16:28:06'),
(56,	4,	3,	14,	3,	0.020408163265306,	'2023-07-25 16:26:57',	'2023-07-25 16:28:06'),
(57,	5,	1,	1,	3,	0.020134228187919,	'2023-07-25 16:26:57',	'2023-07-25 16:28:04'),
(58,	5,	1,	2,	3,	0.01875,	'2023-07-25 16:26:57',	'2023-07-25 16:28:04'),
(59,	5,	1,	3,	3,	0.019354838709677,	'2023-07-25 16:26:57',	'2023-07-25 16:28:05'),
(60,	5,	1,	4,	3,	0.018987341772152,	'2023-07-25 16:26:57',	'2023-07-25 16:28:05'),
(61,	5,	2,	5,	3,	0.01875,	'2023-07-25 16:26:57',	'2023-07-25 16:28:05'),
(62,	5,	2,	6,	3,	0.02,	'2023-07-25 16:26:57',	'2023-07-25 16:28:05'),
(63,	5,	2,	7,	3,	0.018633540372671,	'2023-07-25 16:26:57',	'2023-07-25 16:28:05'),
(64,	5,	2,	8,	3,	0.019480519480519,	'2023-07-25 16:26:57',	'2023-07-25 16:28:05'),
(65,	5,	2,	9,	3,	0.018633540372671,	'2023-07-25 16:26:57',	'2023-07-25 16:28:05'),
(66,	5,	3,	10,	3,	0.020689655172414,	'2023-07-25 16:26:57',	'2023-07-25 16:28:05'),
(67,	5,	3,	11,	3,	0.020134228187919,	'2023-07-25 16:26:57',	'2023-07-25 16:28:06'),
(68,	5,	3,	12,	2,	0.014388489208633,	'2023-07-25 16:26:57',	'2023-07-25 16:28:06'),
(69,	5,	3,	13,	2,	0.014184397163121,	'2023-07-25 16:26:57',	'2023-07-25 16:28:06'),
(70,	5,	3,	14,	3,	0.020408163265306,	'2023-07-25 16:26:57',	'2023-07-25 16:28:06'),
(71,	6,	1,	1,	4,	0.026845637583893,	'2023-07-25 16:26:57',	'2023-07-25 16:28:04'),
(72,	6,	1,	2,	4,	0.025,	'2023-07-25 16:26:57',	'2023-07-25 16:28:04'),
(73,	6,	1,	3,	3,	0.019354838709677,	'2023-07-25 16:26:57',	'2023-07-25 16:28:05'),
(74,	6,	1,	4,	4,	0.025316455696203,	'2023-07-25 16:26:57',	'2023-07-25 16:28:05'),
(75,	6,	2,	5,	3,	0.01875,	'2023-07-25 16:26:57',	'2023-07-25 16:28:05'),
(76,	6,	2,	6,	3,	0.02,	'2023-07-25 16:26:57',	'2023-07-25 16:28:05'),
(77,	6,	2,	7,	3,	0.018633540372671,	'2023-07-25 16:26:57',	'2023-07-25 16:28:05'),
(78,	6,	2,	8,	4,	0.025974025974026,	'2023-07-25 16:26:57',	'2023-07-25 16:28:05'),
(79,	6,	2,	9,	4,	0.024844720496894,	'2023-07-25 16:26:57',	'2023-07-25 16:28:05'),
(80,	6,	3,	10,	3,	0.020689655172414,	'2023-07-25 16:26:57',	'2023-07-25 16:28:05'),
(81,	6,	3,	11,	2,	0.013422818791946,	'2023-07-25 16:26:57',	'2023-07-25 16:28:06'),
(82,	6,	3,	12,	2,	0.014388489208633,	'2023-07-25 16:26:57',	'2023-07-25 16:28:06'),
(83,	6,	3,	13,	2,	0.014184397163121,	'2023-07-25 16:26:57',	'2023-07-25 16:28:06'),
(84,	6,	3,	14,	3,	0.020408163265306,	'2023-07-25 16:26:57',	'2023-07-25 16:28:06'),
(85,	7,	1,	1,	3,	0.020134228187919,	'2023-07-25 16:26:57',	'2023-07-25 16:28:04'),
(86,	7,	1,	2,	3,	0.01875,	'2023-07-25 16:26:57',	'2023-07-25 16:28:04'),
(87,	7,	1,	3,	3,	0.019354838709677,	'2023-07-25 16:26:57',	'2023-07-25 16:28:05'),
(88,	7,	1,	4,	3,	0.018987341772152,	'2023-07-25 16:26:57',	'2023-07-25 16:28:05'),
(89,	7,	2,	5,	2,	0.0125,	'2023-07-25 16:26:57',	'2023-07-25 16:28:05'),
(90,	7,	2,	6,	3,	0.02,	'2023-07-25 16:26:57',	'2023-07-25 16:28:05'),
(91,	7,	2,	7,	3,	0.018633540372671,	'2023-07-25 16:26:57',	'2023-07-25 16:28:05'),
(92,	7,	2,	8,	3,	0.019480519480519,	'2023-07-25 16:26:57',	'2023-07-25 16:28:05'),
(93,	7,	2,	9,	3,	0.018633540372671,	'2023-07-25 16:26:57',	'2023-07-25 16:28:05'),
(94,	7,	3,	10,	3,	0.020689655172414,	'2023-07-25 16:26:57',	'2023-07-25 16:28:05'),
(95,	7,	3,	11,	3,	0.020134228187919,	'2023-07-25 16:26:57',	'2023-07-25 16:28:06'),
(96,	7,	3,	12,	2,	0.014388489208633,	'2023-07-25 16:26:57',	'2023-07-25 16:28:06'),
(97,	7,	3,	13,	3,	0.021276595744681,	'2023-07-25 16:26:57',	'2023-07-25 16:28:06'),
(98,	7,	3,	14,	3,	0.020408163265306,	'2023-07-25 16:26:57',	'2023-07-25 16:28:06'),
(99,	8,	1,	1,	3,	0.020134228187919,	'2023-07-25 16:26:57',	'2023-07-25 16:28:04'),
(100,	8,	1,	2,	3,	0.01875,	'2023-07-25 16:26:58',	'2023-07-25 16:28:04'),
(101,	8,	1,	3,	3,	0.019354838709677,	'2023-07-25 16:26:58',	'2023-07-25 16:28:05'),
(102,	8,	1,	4,	3,	0.018987341772152,	'2023-07-25 16:26:58',	'2023-07-25 16:28:05'),
(103,	8,	2,	5,	2,	0.0125,	'2023-07-25 16:26:58',	'2023-07-25 16:28:05'),
(104,	8,	2,	6,	3,	0.02,	'2023-07-25 16:26:58',	'2023-07-25 16:28:05'),
(105,	8,	2,	7,	3,	0.018633540372671,	'2023-07-25 16:26:58',	'2023-07-25 16:28:05'),
(106,	8,	2,	8,	3,	0.019480519480519,	'2023-07-25 16:26:58',	'2023-07-25 16:28:05'),
(107,	8,	2,	9,	3,	0.018633540372671,	'2023-07-25 16:26:58',	'2023-07-25 16:28:05'),
(108,	8,	3,	10,	3,	0.020689655172414,	'2023-07-25 16:26:58',	'2023-07-25 16:28:05'),
(109,	8,	3,	11,	3,	0.020134228187919,	'2023-07-25 16:26:58',	'2023-07-25 16:28:06'),
(110,	8,	3,	12,	2,	0.014388489208633,	'2023-07-25 16:26:58',	'2023-07-25 16:28:06'),
(111,	8,	3,	13,	3,	0.021276595744681,	'2023-07-25 16:26:58',	'2023-07-25 16:28:06'),
(112,	8,	3,	14,	3,	0.020408163265306,	'2023-07-25 16:26:58',	'2023-07-25 16:28:06'),
(113,	9,	1,	1,	3,	0.020134228187919,	'2023-07-25 16:26:58',	'2023-07-25 16:28:04'),
(114,	9,	1,	2,	4,	0.025,	'2023-07-25 16:26:58',	'2023-07-25 16:28:04'),
(115,	9,	1,	3,	4,	0.025806451612903,	'2023-07-25 16:26:58',	'2023-07-25 16:28:05'),
(116,	9,	1,	4,	4,	0.025316455696203,	'2023-07-25 16:26:58',	'2023-07-25 16:28:05'),
(117,	9,	2,	5,	4,	0.025,	'2023-07-25 16:26:58',	'2023-07-25 16:28:05'),
(118,	9,	2,	6,	3,	0.02,	'2023-07-25 16:26:58',	'2023-07-25 16:28:05'),
(119,	9,	2,	7,	4,	0.024844720496894,	'2023-07-25 16:26:58',	'2023-07-25 16:28:05'),
(120,	9,	2,	8,	4,	0.025974025974026,	'2023-07-25 16:26:58',	'2023-07-25 16:28:05'),
(121,	9,	2,	9,	4,	0.024844720496894,	'2023-07-25 16:26:58',	'2023-07-25 16:28:05'),
(122,	9,	3,	10,	4,	0.027586206896552,	'2023-07-25 16:26:58',	'2023-07-25 16:28:05'),
(123,	9,	3,	11,	3,	0.020134228187919,	'2023-07-25 16:26:58',	'2023-07-25 16:28:06'),
(124,	9,	3,	12,	3,	0.02158273381295,	'2023-07-25 16:26:58',	'2023-07-25 16:28:06'),
(125,	9,	3,	13,	3,	0.021276595744681,	'2023-07-25 16:26:58',	'2023-07-25 16:28:06'),
(126,	9,	3,	14,	3,	0.020408163265306,	'2023-07-25 16:26:58',	'2023-07-25 16:28:06'),
(127,	10,	1,	1,	3,	0.020134228187919,	'2023-07-25 16:26:58',	'2023-07-25 16:28:04'),
(128,	10,	1,	2,	3,	0.01875,	'2023-07-25 16:26:58',	'2023-07-25 16:28:04'),
(129,	10,	1,	3,	3,	0.019354838709677,	'2023-07-25 16:26:58',	'2023-07-25 16:28:05'),
(130,	10,	1,	4,	4,	0.025316455696203,	'2023-07-25 16:26:58',	'2023-07-25 16:28:05'),
(131,	10,	2,	5,	2,	0.0125,	'2023-07-25 16:26:58',	'2023-07-25 16:28:05'),
(132,	10,	2,	6,	3,	0.02,	'2023-07-25 16:26:58',	'2023-07-25 16:28:05'),
(133,	10,	2,	7,	4,	0.024844720496894,	'2023-07-25 16:26:58',	'2023-07-25 16:28:05'),
(134,	10,	2,	8,	4,	0.025974025974026,	'2023-07-25 16:26:58',	'2023-07-25 16:28:05'),
(135,	10,	2,	9,	3,	0.018633540372671,	'2023-07-25 16:26:58',	'2023-07-25 16:28:05'),
(136,	10,	3,	10,	3,	0.020689655172414,	'2023-07-25 16:26:58',	'2023-07-25 16:28:05'),
(137,	10,	3,	11,	2,	0.013422818791946,	'2023-07-25 16:26:58',	'2023-07-25 16:28:06'),
(138,	10,	3,	12,	4,	0.028776978417266,	'2023-07-25 16:26:58',	'2023-07-25 16:28:06'),
(139,	10,	3,	13,	4,	0.028368794326241,	'2023-07-25 16:26:58',	'2023-07-25 16:28:06'),
(140,	10,	3,	14,	3,	0.020408163265306,	'2023-07-25 16:26:58',	'2023-07-25 16:28:06'),
(141,	11,	1,	1,	3,	0.020134228187919,	'2023-07-25 16:26:58',	'2023-07-25 16:28:04'),
(142,	11,	1,	2,	4,	0.025,	'2023-07-25 16:26:58',	'2023-07-25 16:28:04'),
(143,	11,	1,	3,	3,	0.019354838709677,	'2023-07-25 16:26:58',	'2023-07-25 16:28:05'),
(144,	11,	1,	4,	4,	0.025316455696203,	'2023-07-25 16:26:58',	'2023-07-25 16:28:05'),
(145,	11,	2,	5,	3,	0.01875,	'2023-07-25 16:26:58',	'2023-07-25 16:28:05'),
(146,	11,	2,	6,	3,	0.02,	'2023-07-25 16:26:58',	'2023-07-25 16:28:05'),
(147,	11,	2,	7,	3,	0.018633540372671,	'2023-07-25 16:26:58',	'2023-07-25 16:28:05'),
(148,	11,	2,	8,	4,	0.025974025974026,	'2023-07-25 16:26:58',	'2023-07-25 16:28:05'),
(149,	11,	2,	9,	4,	0.024844720496894,	'2023-07-25 16:26:58',	'2023-07-25 16:28:05'),
(150,	11,	3,	10,	2,	0.013793103448276,	'2023-07-25 16:26:58',	'2023-07-25 16:28:05'),
(151,	11,	3,	11,	3,	0.020134228187919,	'2023-07-25 16:26:58',	'2023-07-25 16:28:06'),
(152,	11,	3,	12,	3,	0.02158273381295,	'2023-07-25 16:26:58',	'2023-07-25 16:28:06'),
(153,	11,	3,	13,	3,	0.021276595744681,	'2023-07-25 16:26:58',	'2023-07-25 16:28:06'),
(154,	11,	3,	14,	4,	0.027210884353741,	'2023-07-25 16:26:58',	'2023-07-25 16:28:06'),
(155,	12,	1,	1,	4,	0.026845637583893,	'2023-07-25 16:26:58',	'2023-07-25 16:28:04'),
(156,	12,	1,	2,	4,	0.025,	'2023-07-25 16:26:58',	'2023-07-25 16:28:04'),
(157,	12,	1,	3,	3,	0.019354838709677,	'2023-07-25 16:26:58',	'2023-07-25 16:28:05'),
(158,	12,	1,	4,	3,	0.018987341772152,	'2023-07-25 16:26:58',	'2023-07-25 16:28:05'),
(159,	12,	2,	5,	3,	0.01875,	'2023-07-25 16:26:58',	'2023-07-25 16:28:05'),
(160,	12,	2,	6,	3,	0.02,	'2023-07-25 16:26:58',	'2023-07-25 16:28:05'),
(161,	12,	2,	7,	3,	0.018633540372671,	'2023-07-25 16:26:58',	'2023-07-25 16:28:05'),
(162,	12,	2,	8,	3,	0.019480519480519,	'2023-07-25 16:26:58',	'2023-07-25 16:28:05'),
(163,	12,	2,	9,	3,	0.018633540372671,	'2023-07-25 16:26:58',	'2023-07-25 16:28:05'),
(164,	12,	3,	10,	3,	0.020689655172414,	'2023-07-25 16:26:58',	'2023-07-25 16:28:05'),
(165,	12,	3,	11,	2,	0.013422818791946,	'2023-07-25 16:26:58',	'2023-07-25 16:28:06'),
(166,	12,	3,	12,	3,	0.02158273381295,	'2023-07-25 16:26:58',	'2023-07-25 16:28:06'),
(167,	12,	3,	13,	3,	0.021276595744681,	'2023-07-25 16:26:58',	'2023-07-25 16:28:06'),
(168,	12,	3,	14,	3,	0.020408163265306,	'2023-07-25 16:26:58',	'2023-07-25 16:28:06'),
(169,	13,	1,	1,	3,	0.020134228187919,	'2023-07-25 16:26:58',	'2023-07-25 16:28:04'),
(170,	13,	1,	2,	3,	0.01875,	'2023-07-25 16:26:58',	'2023-07-25 16:28:04'),
(171,	13,	1,	3,	2,	0.012903225806452,	'2023-07-25 16:26:58',	'2023-07-25 16:28:05'),
(172,	13,	1,	4,	3,	0.018987341772152,	'2023-07-25 16:26:58',	'2023-07-25 16:28:05'),
(173,	13,	2,	5,	2,	0.0125,	'2023-07-25 16:26:58',	'2023-07-25 16:28:05'),
(174,	13,	2,	6,	2,	0.013333333333333,	'2023-07-25 16:26:58',	'2023-07-25 16:28:05'),
(175,	13,	2,	7,	3,	0.018633540372671,	'2023-07-25 16:26:58',	'2023-07-25 16:28:05'),
(176,	13,	2,	8,	2,	0.012987012987013,	'2023-07-25 16:26:58',	'2023-07-25 16:28:05'),
(177,	13,	2,	9,	3,	0.018633540372671,	'2023-07-25 16:26:58',	'2023-07-25 16:28:05'),
(178,	13,	3,	10,	2,	0.013793103448276,	'2023-07-25 16:26:58',	'2023-07-25 16:28:05'),
(179,	13,	3,	11,	2,	0.013422818791946,	'2023-07-25 16:26:58',	'2023-07-25 16:28:06'),
(180,	13,	3,	12,	3,	0.02158273381295,	'2023-07-25 16:26:58',	'2023-07-25 16:28:06'),
(181,	13,	3,	13,	3,	0.021276595744681,	'2023-07-25 16:26:58',	'2023-07-25 16:28:06'),
(182,	13,	3,	14,	2,	0.013605442176871,	'2023-07-25 16:26:58',	'2023-07-25 16:28:06'),
(183,	14,	1,	1,	1,	0.0067114093959732,	'2023-07-25 16:26:58',	'2023-07-25 16:28:04'),
(184,	14,	1,	2,	1,	0.00625,	'2023-07-25 16:26:58',	'2023-07-25 16:28:04'),
(185,	14,	1,	3,	1,	0.0064516129032258,	'2023-07-25 16:26:58',	'2023-07-25 16:28:05'),
(186,	14,	1,	4,	1,	0.0063291139240506,	'2023-07-25 16:26:58',	'2023-07-25 16:28:05'),
(187,	14,	2,	5,	1,	0.00625,	'2023-07-25 16:26:58',	'2023-07-25 16:28:05'),
(188,	14,	2,	6,	1,	0.0066666666666667,	'2023-07-25 16:26:58',	'2023-07-25 16:28:05'),
(189,	14,	2,	7,	1,	0.0062111801242236,	'2023-07-25 16:26:58',	'2023-07-25 16:28:05'),
(190,	14,	2,	8,	1,	0.0064935064935065,	'2023-07-25 16:26:58',	'2023-07-25 16:28:05'),
(191,	14,	2,	9,	1,	0.0062111801242236,	'2023-07-25 16:26:58',	'2023-07-25 16:28:05'),
(192,	14,	3,	10,	1,	0.0068965517241379,	'2023-07-25 16:26:58',	'2023-07-25 16:28:05'),
(193,	14,	3,	11,	1,	0.0067114093959732,	'2023-07-25 16:26:58',	'2023-07-25 16:28:06'),
(194,	14,	3,	12,	1,	0.0071942446043165,	'2023-07-25 16:26:58',	'2023-07-25 16:28:06'),
(195,	14,	3,	13,	1,	0.0070921985815603,	'2023-07-25 16:26:58',	'2023-07-25 16:28:06'),
(196,	14,	3,	14,	1,	0.0068027210884354,	'2023-07-25 16:26:58',	'2023-07-25 16:28:06'),
(197,	15,	1,	1,	2,	0.013422818791946,	'2023-07-25 16:26:58',	'2023-07-25 16:28:04'),
(198,	15,	1,	2,	3,	0.01875,	'2023-07-25 16:26:58',	'2023-07-25 16:28:04'),
(199,	15,	1,	3,	1,	0.0064516129032258,	'2023-07-25 16:26:58',	'2023-07-25 16:28:05'),
(200,	15,	1,	4,	2,	0.012658227848101,	'2023-07-25 16:26:58',	'2023-07-25 16:28:05'),
(201,	15,	2,	5,	3,	0.01875,	'2023-07-25 16:26:58',	'2023-07-25 16:28:05'),
(202,	15,	2,	6,	3,	0.02,	'2023-07-25 16:26:58',	'2023-07-25 16:28:05'),
(203,	15,	2,	7,	3,	0.018633540372671,	'2023-07-25 16:26:58',	'2023-07-25 16:28:05'),
(204,	15,	2,	8,	3,	0.019480519480519,	'2023-07-25 16:26:58',	'2023-07-25 16:28:05'),
(205,	15,	2,	9,	3,	0.018633540372671,	'2023-07-25 16:26:58',	'2023-07-25 16:28:05'),
(206,	15,	3,	10,	2,	0.013793103448276,	'2023-07-25 16:26:58',	'2023-07-25 16:28:05'),
(207,	15,	3,	11,	3,	0.020134228187919,	'2023-07-25 16:26:58',	'2023-07-25 16:28:06'),
(208,	15,	3,	12,	1,	0.0071942446043165,	'2023-07-25 16:26:58',	'2023-07-25 16:28:06'),
(209,	15,	3,	13,	4,	0.028368794326241,	'2023-07-25 16:26:58',	'2023-07-25 16:28:06'),
(210,	15,	3,	14,	2,	0.013605442176871,	'2023-07-25 16:26:58',	'2023-07-25 16:28:06'),
(211,	16,	1,	1,	2,	0.013422818791946,	'2023-07-25 16:26:58',	'2023-07-25 16:28:04'),
(212,	16,	1,	2,	3,	0.01875,	'2023-07-25 16:26:58',	'2023-07-25 16:28:04'),
(213,	16,	1,	3,	3,	0.019354838709677,	'2023-07-25 16:26:58',	'2023-07-25 16:28:05'),
(214,	16,	1,	4,	3,	0.018987341772152,	'2023-07-25 16:26:58',	'2023-07-25 16:28:05'),
(215,	16,	2,	5,	3,	0.01875,	'2023-07-25 16:26:58',	'2023-07-25 16:28:05'),
(216,	16,	2,	6,	2,	0.013333333333333,	'2023-07-25 16:26:58',	'2023-07-25 16:28:05'),
(217,	16,	2,	7,	3,	0.018633540372671,	'2023-07-25 16:26:58',	'2023-07-25 16:28:05'),
(218,	16,	2,	8,	3,	0.019480519480519,	'2023-07-25 16:26:58',	'2023-07-25 16:28:05'),
(219,	16,	2,	9,	3,	0.018633540372671,	'2023-07-25 16:26:58',	'2023-07-25 16:28:05'),
(220,	16,	3,	10,	2,	0.013793103448276,	'2023-07-25 16:26:58',	'2023-07-25 16:28:05'),
(221,	16,	3,	11,	3,	0.020134228187919,	'2023-07-25 16:26:58',	'2023-07-25 16:28:06'),
(222,	16,	3,	12,	3,	0.02158273381295,	'2023-07-25 16:26:58',	'2023-07-25 16:28:06'),
(223,	16,	3,	13,	3,	0.021276595744681,	'2023-07-25 16:26:58',	'2023-07-25 16:28:06'),
(224,	16,	3,	14,	2,	0.013605442176871,	'2023-07-25 16:26:58',	'2023-07-25 16:28:06'),
(225,	17,	1,	1,	3,	0.020134228187919,	'2023-07-25 16:26:58',	'2023-07-25 16:28:04'),
(226,	17,	1,	2,	3,	0.01875,	'2023-07-25 16:26:58',	'2023-07-25 16:28:04'),
(227,	17,	1,	3,	4,	0.025806451612903,	'2023-07-25 16:26:58',	'2023-07-25 16:28:05'),
(228,	17,	1,	4,	3,	0.018987341772152,	'2023-07-25 16:26:58',	'2023-07-25 16:28:05'),
(229,	17,	2,	5,	3,	0.01875,	'2023-07-25 16:26:58',	'2023-07-25 16:28:05'),
(230,	17,	2,	6,	2,	0.013333333333333,	'2023-07-25 16:26:58',	'2023-07-25 16:28:05'),
(231,	17,	2,	7,	3,	0.018633540372671,	'2023-07-25 16:26:58',	'2023-07-25 16:28:05'),
(232,	17,	2,	8,	3,	0.019480519480519,	'2023-07-25 16:26:58',	'2023-07-25 16:28:05'),
(233,	17,	2,	9,	4,	0.024844720496894,	'2023-07-25 16:26:58',	'2023-07-25 16:28:05'),
(234,	17,	3,	10,	3,	0.020689655172414,	'2023-07-25 16:26:58',	'2023-07-25 16:28:05'),
(235,	17,	3,	11,	3,	0.020134228187919,	'2023-07-25 16:26:58',	'2023-07-25 16:28:06'),
(236,	17,	3,	12,	3,	0.02158273381295,	'2023-07-25 16:26:58',	'2023-07-25 16:28:06'),
(237,	17,	3,	13,	3,	0.021276595744681,	'2023-07-25 16:26:58',	'2023-07-25 16:28:06'),
(238,	17,	3,	14,	3,	0.020408163265306,	'2023-07-25 16:26:58',	'2023-07-25 16:28:06'),
(239,	18,	1,	1,	3,	0.020134228187919,	'2023-07-25 16:26:58',	'2023-07-25 16:28:04'),
(240,	18,	1,	2,	3,	0.01875,	'2023-07-25 16:26:58',	'2023-07-25 16:28:04'),
(241,	18,	1,	3,	3,	0.019354838709677,	'2023-07-25 16:26:58',	'2023-07-25 16:28:05'),
(242,	18,	1,	4,	3,	0.018987341772152,	'2023-07-25 16:26:58',	'2023-07-25 16:28:05'),
(243,	18,	2,	5,	4,	0.025,	'2023-07-25 16:26:58',	'2023-07-25 16:28:05'),
(244,	18,	2,	6,	3,	0.02,	'2023-07-25 16:26:58',	'2023-07-25 16:28:05'),
(245,	18,	2,	7,	3,	0.018633540372671,	'2023-07-25 16:26:58',	'2023-07-25 16:28:05'),
(246,	18,	2,	8,	3,	0.019480519480519,	'2023-07-25 16:26:58',	'2023-07-25 16:28:05'),
(247,	18,	2,	9,	3,	0.018633540372671,	'2023-07-25 16:26:58',	'2023-07-25 16:28:05'),
(248,	18,	3,	10,	3,	0.020689655172414,	'2023-07-25 16:26:58',	'2023-07-25 16:28:05'),
(249,	18,	3,	11,	3,	0.020134228187919,	'2023-07-25 16:26:58',	'2023-07-25 16:28:06'),
(250,	18,	3,	12,	2,	0.014388489208633,	'2023-07-25 16:26:58',	'2023-07-25 16:28:06'),
(251,	18,	3,	13,	3,	0.021276595744681,	'2023-07-25 16:26:58',	'2023-07-25 16:28:06'),
(252,	18,	3,	14,	2,	0.013605442176871,	'2023-07-25 16:26:58',	'2023-07-25 16:28:06'),
(253,	19,	1,	1,	3,	0.020134228187919,	'2023-07-25 16:26:58',	'2023-07-25 16:28:04'),
(254,	19,	1,	2,	3,	0.01875,	'2023-07-25 16:26:58',	'2023-07-25 16:28:04'),
(255,	19,	1,	3,	3,	0.019354838709677,	'2023-07-25 16:26:58',	'2023-07-25 16:28:05'),
(256,	19,	1,	4,	4,	0.025316455696203,	'2023-07-25 16:26:58',	'2023-07-25 16:28:05'),
(257,	19,	2,	5,	4,	0.025,	'2023-07-25 16:26:58',	'2023-07-25 16:28:05'),
(258,	19,	2,	6,	4,	0.026666666666667,	'2023-07-25 16:26:58',	'2023-07-25 16:28:05'),
(259,	19,	2,	7,	4,	0.024844720496894,	'2023-07-25 16:26:58',	'2023-07-25 16:28:05'),
(260,	19,	2,	8,	3,	0.019480519480519,	'2023-07-25 16:26:58',	'2023-07-25 16:28:05'),
(261,	19,	2,	9,	4,	0.024844720496894,	'2023-07-25 16:26:58',	'2023-07-25 16:28:05'),
(262,	19,	3,	10,	3,	0.020689655172414,	'2023-07-25 16:26:58',	'2023-07-25 16:28:05'),
(263,	19,	3,	11,	4,	0.026845637583893,	'2023-07-25 16:26:58',	'2023-07-25 16:28:06'),
(264,	19,	3,	12,	3,	0.02158273381295,	'2023-07-25 16:26:58',	'2023-07-25 16:28:06'),
(265,	19,	3,	13,	3,	0.021276595744681,	'2023-07-25 16:26:58',	'2023-07-25 16:28:06'),
(266,	19,	3,	14,	3,	0.020408163265306,	'2023-07-25 16:26:58',	'2023-07-25 16:28:06'),
(267,	20,	1,	1,	3,	0.020134228187919,	'2023-07-25 16:26:58',	'2023-07-25 16:28:04'),
(268,	20,	1,	2,	3,	0.01875,	'2023-07-25 16:26:58',	'2023-07-25 16:28:04'),
(269,	20,	1,	3,	2,	0.012903225806452,	'2023-07-25 16:26:58',	'2023-07-25 16:28:05'),
(270,	20,	1,	4,	3,	0.018987341772152,	'2023-07-25 16:26:58',	'2023-07-25 16:28:05'),
(271,	20,	2,	5,	3,	0.01875,	'2023-07-25 16:26:58',	'2023-07-25 16:28:05'),
(272,	20,	2,	6,	3,	0.02,	'2023-07-25 16:26:58',	'2023-07-25 16:28:05'),
(273,	20,	2,	7,	3,	0.018633540372671,	'2023-07-25 16:26:58',	'2023-07-25 16:28:05'),
(274,	20,	2,	8,	3,	0.019480519480519,	'2023-07-25 16:26:58',	'2023-07-25 16:28:05'),
(275,	20,	2,	9,	3,	0.018633540372671,	'2023-07-25 16:26:58',	'2023-07-25 16:28:05'),
(276,	20,	3,	10,	3,	0.020689655172414,	'2023-07-25 16:26:58',	'2023-07-25 16:28:05'),
(277,	20,	3,	11,	3,	0.020134228187919,	'2023-07-25 16:26:58',	'2023-07-25 16:28:06'),
(278,	20,	3,	12,	2,	0.014388489208633,	'2023-07-25 16:26:58',	'2023-07-25 16:28:06'),
(279,	20,	3,	13,	2,	0.014184397163121,	'2023-07-25 16:26:58',	'2023-07-25 16:28:06'),
(280,	20,	3,	14,	2,	0.013605442176871,	'2023-07-25 16:26:58',	'2023-07-25 16:28:06'),
(281,	21,	1,	1,	3,	0.020134228187919,	'2023-07-25 16:26:58',	'2023-07-25 16:28:04'),
(282,	21,	1,	2,	3,	0.01875,	'2023-07-25 16:26:58',	'2023-07-25 16:28:04'),
(283,	21,	1,	3,	3,	0.019354838709677,	'2023-07-25 16:26:58',	'2023-07-25 16:28:05'),
(284,	21,	1,	4,	2,	0.012658227848101,	'2023-07-25 16:26:58',	'2023-07-25 16:28:05'),
(285,	21,	2,	5,	3,	0.01875,	'2023-07-25 16:26:58',	'2023-07-25 16:28:05'),
(286,	21,	2,	6,	3,	0.02,	'2023-07-25 16:26:58',	'2023-07-25 16:28:05'),
(287,	21,	2,	7,	3,	0.018633540372671,	'2023-07-25 16:26:58',	'2023-07-25 16:28:05'),
(288,	21,	2,	8,	3,	0.019480519480519,	'2023-07-25 16:26:58',	'2023-07-25 16:28:05'),
(289,	21,	2,	9,	2,	0.012422360248447,	'2023-07-25 16:26:58',	'2023-07-25 16:28:05'),
(290,	21,	3,	10,	3,	0.020689655172414,	'2023-07-25 16:26:58',	'2023-07-25 16:28:05'),
(291,	21,	3,	11,	3,	0.020134228187919,	'2023-07-25 16:26:58',	'2023-07-25 16:28:06'),
(292,	21,	3,	12,	3,	0.02158273381295,	'2023-07-25 16:26:58',	'2023-07-25 16:28:06'),
(293,	21,	3,	13,	3,	0.021276595744681,	'2023-07-25 16:26:58',	'2023-07-25 16:28:06'),
(294,	21,	3,	14,	3,	0.020408163265306,	'2023-07-25 16:26:58',	'2023-07-25 16:28:06'),
(295,	22,	1,	1,	2,	0.013422818791946,	'2023-07-25 16:26:58',	'2023-07-25 16:28:04'),
(296,	22,	1,	2,	4,	0.025,	'2023-07-25 16:26:58',	'2023-07-25 16:28:04'),
(297,	22,	1,	3,	4,	0.025806451612903,	'2023-07-25 16:26:58',	'2023-07-25 16:28:05'),
(298,	22,	1,	4,	4,	0.025316455696203,	'2023-07-25 16:26:58',	'2023-07-25 16:28:05'),
(299,	22,	2,	5,	4,	0.025,	'2023-07-25 16:26:58',	'2023-07-25 16:28:05'),
(300,	22,	2,	6,	4,	0.026666666666667,	'2023-07-25 16:26:58',	'2023-07-25 16:28:05'),
(301,	22,	2,	7,	3,	0.018633540372671,	'2023-07-25 16:26:58',	'2023-07-25 16:28:05'),
(302,	22,	2,	8,	4,	0.025974025974026,	'2023-07-25 16:26:58',	'2023-07-25 16:28:05'),
(303,	22,	2,	9,	3,	0.018633540372671,	'2023-07-25 16:26:58',	'2023-07-25 16:28:05'),
(304,	22,	3,	10,	3,	0.020689655172414,	'2023-07-25 16:26:58',	'2023-07-25 16:28:05'),
(305,	22,	3,	11,	4,	0.026845637583893,	'2023-07-25 16:26:58',	'2023-07-25 16:28:06'),
(306,	22,	3,	12,	4,	0.028776978417266,	'2023-07-25 16:26:58',	'2023-07-25 16:28:06'),
(307,	22,	3,	13,	3,	0.021276595744681,	'2023-07-25 16:26:58',	'2023-07-25 16:28:06'),
(308,	22,	3,	14,	3,	0.020408163265306,	'2023-07-25 16:26:58',	'2023-07-25 16:28:06'),
(309,	23,	1,	1,	4,	0.026845637583893,	'2023-07-25 16:26:58',	'2023-07-25 16:28:04'),
(310,	23,	1,	2,	3,	0.01875,	'2023-07-25 16:26:58',	'2023-07-25 16:28:04'),
(311,	23,	1,	3,	3,	0.019354838709677,	'2023-07-25 16:26:58',	'2023-07-25 16:28:05'),
(312,	23,	1,	4,	3,	0.018987341772152,	'2023-07-25 16:26:58',	'2023-07-25 16:28:05'),
(313,	23,	2,	5,	3,	0.01875,	'2023-07-25 16:26:58',	'2023-07-25 16:28:05'),
(314,	23,	2,	6,	3,	0.02,	'2023-07-25 16:26:58',	'2023-07-25 16:28:05'),
(315,	23,	2,	7,	3,	0.018633540372671,	'2023-07-25 16:26:58',	'2023-07-25 16:28:05'),
(316,	23,	2,	8,	3,	0.019480519480519,	'2023-07-25 16:26:58',	'2023-07-25 16:28:05'),
(317,	23,	2,	9,	3,	0.018633540372671,	'2023-07-25 16:26:58',	'2023-07-25 16:28:05'),
(318,	23,	3,	10,	3,	0.020689655172414,	'2023-07-25 16:26:58',	'2023-07-25 16:28:05'),
(319,	23,	3,	11,	3,	0.020134228187919,	'2023-07-25 16:26:58',	'2023-07-25 16:28:06'),
(320,	23,	3,	12,	3,	0.02158273381295,	'2023-07-25 16:26:58',	'2023-07-25 16:28:06'),
(321,	23,	3,	13,	4,	0.028368794326241,	'2023-07-25 16:26:58',	'2023-07-25 16:28:06'),
(322,	23,	3,	14,	3,	0.020408163265306,	'2023-07-25 16:26:58',	'2023-07-25 16:28:06'),
(323,	24,	1,	1,	3,	0.020134228187919,	'2023-07-25 16:26:58',	'2023-07-25 16:28:04'),
(324,	24,	1,	2,	3,	0.01875,	'2023-07-25 16:26:58',	'2023-07-25 16:28:04'),
(325,	24,	1,	3,	4,	0.025806451612903,	'2023-07-25 16:26:58',	'2023-07-25 16:28:05'),
(326,	24,	1,	4,	4,	0.025316455696203,	'2023-07-25 16:26:58',	'2023-07-25 16:28:05'),
(327,	24,	2,	5,	4,	0.025,	'2023-07-25 16:26:58',	'2023-07-25 16:28:05'),
(328,	24,	2,	6,	3,	0.02,	'2023-07-25 16:26:58',	'2023-07-25 16:28:05'),
(329,	24,	2,	7,	4,	0.024844720496894,	'2023-07-25 16:26:58',	'2023-07-25 16:28:05'),
(330,	24,	2,	8,	3,	0.019480519480519,	'2023-07-25 16:26:58',	'2023-07-25 16:28:05'),
(331,	24,	2,	9,	4,	0.024844720496894,	'2023-07-25 16:26:58',	'2023-07-25 16:28:05'),
(332,	24,	3,	10,	3,	0.020689655172414,	'2023-07-25 16:26:58',	'2023-07-25 16:28:05'),
(333,	24,	3,	11,	3,	0.020134228187919,	'2023-07-25 16:26:58',	'2023-07-25 16:28:06'),
(334,	24,	3,	12,	3,	0.02158273381295,	'2023-07-25 16:26:58',	'2023-07-25 16:28:06'),
(335,	24,	3,	13,	3,	0.021276595744681,	'2023-07-25 16:26:58',	'2023-07-25 16:28:06'),
(336,	24,	3,	14,	3,	0.020408163265306,	'2023-07-25 16:26:58',	'2023-07-25 16:28:06'),
(337,	25,	1,	1,	3,	0.020134228187919,	'2023-07-25 16:26:58',	'2023-07-25 16:28:04'),
(338,	25,	1,	2,	3,	0.01875,	'2023-07-25 16:26:58',	'2023-07-25 16:28:04'),
(339,	25,	1,	3,	4,	0.025806451612903,	'2023-07-25 16:26:58',	'2023-07-25 16:28:05'),
(340,	25,	1,	4,	3,	0.018987341772152,	'2023-07-25 16:26:58',	'2023-07-25 16:28:05'),
(341,	25,	2,	5,	4,	0.025,	'2023-07-25 16:26:58',	'2023-07-25 16:28:05'),
(342,	25,	2,	6,	4,	0.026666666666667,	'2023-07-25 16:26:58',	'2023-07-25 16:28:05'),
(343,	25,	2,	7,	3,	0.018633540372671,	'2023-07-25 16:26:58',	'2023-07-25 16:28:05'),
(344,	25,	2,	8,	4,	0.025974025974026,	'2023-07-25 16:26:58',	'2023-07-25 16:28:05'),
(345,	25,	2,	9,	3,	0.018633540372671,	'2023-07-25 16:26:58',	'2023-07-25 16:28:05'),
(346,	25,	3,	10,	3,	0.020689655172414,	'2023-07-25 16:26:58',	'2023-07-25 16:28:05'),
(347,	25,	3,	11,	4,	0.026845637583893,	'2023-07-25 16:26:58',	'2023-07-25 16:28:06'),
(348,	25,	3,	12,	3,	0.02158273381295,	'2023-07-25 16:26:58',	'2023-07-25 16:28:06'),
(349,	25,	3,	13,	3,	0.021276595744681,	'2023-07-25 16:26:58',	'2023-07-25 16:28:06'),
(350,	25,	3,	14,	4,	0.027210884353741,	'2023-07-25 16:26:58',	'2023-07-25 16:28:06'),
(351,	26,	1,	1,	4,	0.026845637583893,	'2023-07-25 16:26:58',	'2023-07-25 16:28:04'),
(352,	26,	1,	2,	3,	0.01875,	'2023-07-25 16:26:58',	'2023-07-25 16:28:04'),
(353,	26,	1,	3,	3,	0.019354838709677,	'2023-07-25 16:26:58',	'2023-07-25 16:28:05'),
(354,	26,	1,	4,	3,	0.018987341772152,	'2023-07-25 16:26:58',	'2023-07-25 16:28:05'),
(355,	26,	2,	5,	4,	0.025,	'2023-07-25 16:26:58',	'2023-07-25 16:28:05'),
(356,	26,	2,	6,	3,	0.02,	'2023-07-25 16:26:58',	'2023-07-25 16:28:05'),
(357,	26,	2,	7,	3,	0.018633540372671,	'2023-07-25 16:26:58',	'2023-07-25 16:28:05'),
(358,	26,	2,	8,	3,	0.019480519480519,	'2023-07-25 16:26:58',	'2023-07-25 16:28:05'),
(359,	26,	2,	9,	3,	0.018633540372671,	'2023-07-25 16:26:58',	'2023-07-25 16:28:05'),
(360,	26,	3,	10,	3,	0.020689655172414,	'2023-07-25 16:26:58',	'2023-07-25 16:28:05'),
(361,	26,	3,	11,	3,	0.020134228187919,	'2023-07-25 16:26:58',	'2023-07-25 16:28:06'),
(362,	26,	3,	12,	3,	0.02158273381295,	'2023-07-25 16:26:58',	'2023-07-25 16:28:06'),
(363,	26,	3,	13,	3,	0.021276595744681,	'2023-07-25 16:26:58',	'2023-07-25 16:28:06'),
(364,	26,	3,	14,	3,	0.020408163265306,	'2023-07-25 16:26:58',	'2023-07-25 16:28:06'),
(365,	27,	1,	1,	3,	0.020134228187919,	'2023-07-25 16:26:58',	'2023-07-25 16:28:04'),
(366,	27,	1,	2,	3,	0.01875,	'2023-07-25 16:26:58',	'2023-07-25 16:28:04'),
(367,	27,	1,	3,	3,	0.019354838709677,	'2023-07-25 16:26:58',	'2023-07-25 16:28:05'),
(368,	27,	1,	4,	3,	0.018987341772152,	'2023-07-25 16:26:58',	'2023-07-25 16:28:05'),
(369,	27,	2,	5,	4,	0.025,	'2023-07-25 16:26:58',	'2023-07-25 16:28:05'),
(370,	27,	2,	6,	3,	0.02,	'2023-07-25 16:26:58',	'2023-07-25 16:28:05'),
(371,	27,	2,	7,	3,	0.018633540372671,	'2023-07-25 16:26:58',	'2023-07-25 16:28:05'),
(372,	27,	2,	8,	3,	0.019480519480519,	'2023-07-25 16:26:58',	'2023-07-25 16:28:05'),
(373,	27,	2,	9,	3,	0.018633540372671,	'2023-07-25 16:26:58',	'2023-07-25 16:28:05'),
(374,	27,	3,	10,	3,	0.020689655172414,	'2023-07-25 16:26:58',	'2023-07-25 16:28:05'),
(375,	27,	3,	11,	3,	0.020134228187919,	'2023-07-25 16:26:58',	'2023-07-25 16:28:06'),
(376,	27,	3,	12,	3,	0.02158273381295,	'2023-07-25 16:26:58',	'2023-07-25 16:28:06'),
(377,	27,	3,	13,	2,	0.014184397163121,	'2023-07-25 16:26:58',	'2023-07-25 16:28:06'),
(378,	27,	3,	14,	3,	0.020408163265306,	'2023-07-25 16:26:58',	'2023-07-25 16:28:06'),
(379,	28,	1,	1,	4,	0.026845637583893,	'2023-07-25 16:26:58',	'2023-07-25 16:28:04'),
(380,	28,	1,	2,	4,	0.025,	'2023-07-25 16:26:58',	'2023-07-25 16:28:04'),
(381,	28,	1,	3,	4,	0.025806451612903,	'2023-07-25 16:26:58',	'2023-07-25 16:28:05'),
(382,	28,	1,	4,	4,	0.025316455696203,	'2023-07-25 16:26:58',	'2023-07-25 16:28:05'),
(383,	28,	2,	5,	4,	0.025,	'2023-07-25 16:26:58',	'2023-07-25 16:28:05'),
(384,	28,	2,	6,	4,	0.026666666666667,	'2023-07-25 16:26:58',	'2023-07-25 16:28:05'),
(385,	28,	2,	7,	4,	0.024844720496894,	'2023-07-25 16:26:58',	'2023-07-25 16:28:05'),
(386,	28,	2,	8,	3,	0.019480519480519,	'2023-07-25 16:26:58',	'2023-07-25 16:28:05'),
(387,	28,	2,	9,	3,	0.018633540372671,	'2023-07-25 16:26:58',	'2023-07-25 16:28:05'),
(388,	28,	3,	10,	4,	0.027586206896552,	'2023-07-25 16:26:58',	'2023-07-25 16:28:05'),
(389,	28,	3,	11,	4,	0.026845637583893,	'2023-07-25 16:26:58',	'2023-07-25 16:28:06'),
(390,	28,	3,	12,	3,	0.02158273381295,	'2023-07-25 16:26:58',	'2023-07-25 16:28:06'),
(391,	28,	3,	13,	3,	0.021276595744681,	'2023-07-25 16:26:58',	'2023-07-25 16:28:06'),
(392,	28,	3,	14,	4,	0.027210884353741,	'2023-07-25 16:26:58',	'2023-07-25 16:28:06'),
(393,	29,	1,	1,	3,	0.020134228187919,	'2023-07-25 16:26:58',	'2023-07-25 16:28:04'),
(394,	29,	1,	2,	4,	0.025,	'2023-07-25 16:26:58',	'2023-07-25 16:28:04'),
(395,	29,	1,	3,	4,	0.025806451612903,	'2023-07-25 16:26:58',	'2023-07-25 16:28:05'),
(396,	29,	1,	4,	3,	0.018987341772152,	'2023-07-25 16:26:58',	'2023-07-25 16:28:05'),
(397,	29,	2,	5,	3,	0.01875,	'2023-07-25 16:26:58',	'2023-07-25 16:28:05'),
(398,	29,	2,	6,	4,	0.026666666666667,	'2023-07-25 16:26:58',	'2023-07-25 16:28:05'),
(399,	29,	2,	7,	4,	0.024844720496894,	'2023-07-25 16:26:58',	'2023-07-25 16:28:05'),
(400,	29,	2,	8,	3,	0.019480519480519,	'2023-07-25 16:26:58',	'2023-07-25 16:28:05'),
(401,	29,	2,	9,	3,	0.018633540372671,	'2023-07-25 16:26:58',	'2023-07-25 16:28:05'),
(402,	29,	3,	10,	4,	0.027586206896552,	'2023-07-25 16:26:58',	'2023-07-25 16:28:05'),
(403,	29,	3,	11,	4,	0.026845637583893,	'2023-07-25 16:26:58',	'2023-07-25 16:28:06'),
(404,	29,	3,	12,	3,	0.02158273381295,	'2023-07-25 16:26:58',	'2023-07-25 16:28:06'),
(405,	29,	3,	13,	3,	0.021276595744681,	'2023-07-25 16:26:58',	'2023-07-25 16:28:06'),
(406,	29,	3,	14,	3,	0.020408163265306,	'2023-07-25 16:26:58',	'2023-07-25 16:28:06'),
(407,	30,	1,	1,	3,	0.020134228187919,	'2023-07-25 16:26:58',	'2023-07-25 16:28:04'),
(408,	30,	1,	2,	3,	0.01875,	'2023-07-25 16:26:58',	'2023-07-25 16:28:04'),
(409,	30,	1,	3,	3,	0.019354838709677,	'2023-07-25 16:26:58',	'2023-07-25 16:28:05'),
(410,	30,	1,	4,	3,	0.018987341772152,	'2023-07-25 16:26:58',	'2023-07-25 16:28:05'),
(411,	30,	2,	5,	3,	0.01875,	'2023-07-25 16:26:58',	'2023-07-25 16:28:05'),
(412,	30,	2,	6,	3,	0.02,	'2023-07-25 16:26:58',	'2023-07-25 16:28:05'),
(413,	30,	2,	7,	3,	0.018633540372671,	'2023-07-25 16:26:58',	'2023-07-25 16:28:05'),
(414,	30,	2,	8,	4,	0.025974025974026,	'2023-07-25 16:26:58',	'2023-07-25 16:28:05'),
(415,	30,	2,	9,	4,	0.024844720496894,	'2023-07-25 16:26:58',	'2023-07-25 16:28:05'),
(416,	30,	3,	10,	2,	0.013793103448276,	'2023-07-25 16:26:58',	'2023-07-25 16:28:05'),
(417,	30,	3,	11,	3,	0.020134228187919,	'2023-07-25 16:26:58',	'2023-07-25 16:28:06'),
(418,	30,	3,	12,	3,	0.02158273381295,	'2023-07-25 16:26:58',	'2023-07-25 16:28:06'),
(419,	30,	3,	13,	3,	0.021276595744681,	'2023-07-25 16:26:58',	'2023-07-25 16:28:06'),
(420,	30,	3,	14,	3,	0.020408163265306,	'2023-07-25 16:26:58',	'2023-07-25 16:28:06'),
(421,	31,	1,	1,	2,	0.013422818791946,	'2023-07-25 16:26:58',	'2023-07-25 16:28:04'),
(422,	31,	1,	2,	2,	0.0125,	'2023-07-25 16:26:58',	'2023-07-25 16:28:04'),
(423,	31,	1,	3,	3,	0.019354838709677,	'2023-07-25 16:26:58',	'2023-07-25 16:28:05'),
(424,	31,	1,	4,	2,	0.012658227848101,	'2023-07-25 16:26:58',	'2023-07-25 16:28:05'),
(425,	31,	2,	5,	2,	0.0125,	'2023-07-25 16:26:58',	'2023-07-25 16:28:05'),
(426,	31,	2,	6,	2,	0.013333333333333,	'2023-07-25 16:26:58',	'2023-07-25 16:28:05'),
(427,	31,	2,	7,	3,	0.018633540372671,	'2023-07-25 16:26:58',	'2023-07-25 16:28:05'),
(428,	31,	2,	8,	2,	0.012987012987013,	'2023-07-25 16:26:58',	'2023-07-25 16:28:05'),
(429,	31,	2,	9,	2,	0.012422360248447,	'2023-07-25 16:26:58',	'2023-07-25 16:28:05'),
(430,	31,	3,	10,	2,	0.013793103448276,	'2023-07-25 16:26:58',	'2023-07-25 16:28:05'),
(431,	31,	3,	11,	2,	0.013422818791946,	'2023-07-25 16:26:58',	'2023-07-25 16:28:06'),
(432,	31,	3,	12,	3,	0.02158273381295,	'2023-07-25 16:26:58',	'2023-07-25 16:28:06'),
(433,	31,	3,	13,	3,	0.021276595744681,	'2023-07-25 16:26:58',	'2023-07-25 16:28:06'),
(434,	31,	3,	14,	2,	0.013605442176871,	'2023-07-25 16:26:58',	'2023-07-25 16:28:06'),
(435,	32,	1,	1,	2,	0.013422818791946,	'2023-07-25 16:26:58',	'2023-07-25 16:28:04'),
(436,	32,	1,	2,	3,	0.01875,	'2023-07-25 16:26:58',	'2023-07-25 16:28:04'),
(437,	32,	1,	3,	3,	0.019354838709677,	'2023-07-25 16:26:58',	'2023-07-25 16:28:05'),
(438,	32,	1,	4,	2,	0.012658227848101,	'2023-07-25 16:26:58',	'2023-07-25 16:28:05'),
(439,	32,	2,	5,	3,	0.01875,	'2023-07-25 16:26:58',	'2023-07-25 16:28:05'),
(440,	32,	2,	6,	3,	0.02,	'2023-07-25 16:26:58',	'2023-07-25 16:28:05'),
(441,	32,	2,	7,	3,	0.018633540372671,	'2023-07-25 16:26:58',	'2023-07-25 16:28:05'),
(442,	32,	2,	8,	3,	0.019480519480519,	'2023-07-25 16:26:58',	'2023-07-25 16:28:05'),
(443,	32,	2,	9,	2,	0.012422360248447,	'2023-07-25 16:26:58',	'2023-07-25 16:28:05'),
(444,	32,	3,	10,	2,	0.013793103448276,	'2023-07-25 16:26:58',	'2023-07-25 16:28:05'),
(445,	32,	3,	11,	3,	0.020134228187919,	'2023-07-25 16:26:58',	'2023-07-25 16:28:06'),
(446,	32,	3,	12,	2,	0.014388489208633,	'2023-07-25 16:26:58',	'2023-07-25 16:28:06'),
(447,	32,	3,	13,	3,	0.021276595744681,	'2023-07-25 16:26:58',	'2023-07-25 16:28:06'),
(448,	32,	3,	14,	3,	0.020408163265306,	'2023-07-25 16:26:58',	'2023-07-25 16:28:06'),
(449,	33,	1,	1,	3,	0.020134228187919,	'2023-07-25 16:26:59',	'2023-07-25 16:28:04'),
(450,	33,	1,	2,	3,	0.01875,	'2023-07-25 16:26:59',	'2023-07-25 16:28:04'),
(451,	33,	1,	3,	2,	0.012903225806452,	'2023-07-25 16:26:59',	'2023-07-25 16:28:05'),
(452,	33,	1,	4,	2,	0.012658227848101,	'2023-07-25 16:26:59',	'2023-07-25 16:28:05'),
(453,	33,	2,	5,	2,	0.0125,	'2023-07-25 16:26:59',	'2023-07-25 16:28:05'),
(454,	33,	2,	6,	3,	0.02,	'2023-07-25 16:26:59',	'2023-07-25 16:28:05'),
(455,	33,	2,	7,	3,	0.018633540372671,	'2023-07-25 16:26:59',	'2023-07-25 16:28:05'),
(456,	33,	2,	8,	3,	0.019480519480519,	'2023-07-25 16:26:59',	'2023-07-25 16:28:05'),
(457,	33,	2,	9,	3,	0.018633540372671,	'2023-07-25 16:26:59',	'2023-07-25 16:28:05'),
(458,	33,	3,	10,	2,	0.013793103448276,	'2023-07-25 16:26:59',	'2023-07-25 16:28:05'),
(459,	33,	3,	11,	2,	0.013422818791946,	'2023-07-25 16:26:59',	'2023-07-25 16:28:06'),
(460,	33,	3,	12,	2,	0.014388489208633,	'2023-07-25 16:26:59',	'2023-07-25 16:28:06'),
(461,	33,	3,	13,	2,	0.014184397163121,	'2023-07-25 16:26:59',	'2023-07-25 16:28:06'),
(462,	33,	3,	14,	3,	0.020408163265306,	'2023-07-25 16:26:59',	'2023-07-25 16:28:06'),
(463,	34,	1,	1,	2,	0.013422818791946,	'2023-07-25 16:26:59',	'2023-07-25 16:28:04'),
(464,	34,	1,	2,	3,	0.01875,	'2023-07-25 16:26:59',	'2023-07-25 16:28:04'),
(465,	34,	1,	3,	3,	0.019354838709677,	'2023-07-25 16:26:59',	'2023-07-25 16:28:05'),
(466,	34,	1,	4,	3,	0.018987341772152,	'2023-07-25 16:26:59',	'2023-07-25 16:28:05'),
(467,	34,	2,	5,	3,	0.01875,	'2023-07-25 16:26:59',	'2023-07-25 16:28:05'),
(468,	34,	2,	6,	2,	0.013333333333333,	'2023-07-25 16:26:59',	'2023-07-25 16:28:05'),
(469,	34,	2,	7,	2,	0.012422360248447,	'2023-07-25 16:26:59',	'2023-07-25 16:28:05'),
(470,	34,	2,	8,	2,	0.012987012987013,	'2023-07-25 16:26:59',	'2023-07-25 16:28:05'),
(471,	34,	2,	9,	2,	0.012422360248447,	'2023-07-25 16:26:59',	'2023-07-25 16:28:05'),
(472,	34,	3,	10,	2,	0.013793103448276,	'2023-07-25 16:26:59',	'2023-07-25 16:28:05'),
(473,	34,	3,	11,	2,	0.013422818791946,	'2023-07-25 16:26:59',	'2023-07-25 16:28:06'),
(474,	34,	3,	12,	3,	0.02158273381295,	'2023-07-25 16:26:59',	'2023-07-25 16:28:06'),
(475,	34,	3,	13,	2,	0.014184397163121,	'2023-07-25 16:26:59',	'2023-07-25 16:28:06'),
(476,	34,	3,	14,	3,	0.020408163265306,	'2023-07-25 16:26:59',	'2023-07-25 16:28:06'),
(477,	35,	1,	1,	2,	0.013422818791946,	'2023-07-25 16:26:59',	'2023-07-25 16:28:04'),
(478,	35,	1,	2,	3,	0.01875,	'2023-07-25 16:26:59',	'2023-07-25 16:28:04'),
(479,	35,	1,	3,	2,	0.012903225806452,	'2023-07-25 16:26:59',	'2023-07-25 16:28:05'),
(480,	35,	1,	4,	3,	0.018987341772152,	'2023-07-25 16:26:59',	'2023-07-25 16:28:05'),
(481,	35,	2,	5,	3,	0.01875,	'2023-07-25 16:26:59',	'2023-07-25 16:28:05'),
(482,	35,	2,	6,	2,	0.013333333333333,	'2023-07-25 16:26:59',	'2023-07-25 16:28:05'),
(483,	35,	2,	7,	3,	0.018633540372671,	'2023-07-25 16:26:59',	'2023-07-25 16:28:05'),
(484,	35,	2,	8,	3,	0.019480519480519,	'2023-07-25 16:26:59',	'2023-07-25 16:28:05'),
(485,	35,	2,	9,	3,	0.018633540372671,	'2023-07-25 16:26:59',	'2023-07-25 16:28:05'),
(486,	35,	3,	10,	3,	0.020689655172414,	'2023-07-25 16:26:59',	'2023-07-25 16:28:05'),
(487,	35,	3,	11,	2,	0.013422818791946,	'2023-07-25 16:26:59',	'2023-07-25 16:28:06'),
(488,	35,	3,	12,	2,	0.014388489208633,	'2023-07-25 16:26:59',	'2023-07-25 16:28:06'),
(489,	35,	3,	13,	2,	0.014184397163121,	'2023-07-25 16:26:59',	'2023-07-25 16:28:06'),
(490,	35,	3,	14,	3,	0.020408163265306,	'2023-07-25 16:26:59',	'2023-07-25 16:28:06'),
(491,	36,	1,	1,	3,	0.020134228187919,	'2023-07-25 16:26:59',	'2023-07-25 16:28:04'),
(492,	36,	1,	2,	4,	0.025,	'2023-07-25 16:26:59',	'2023-07-25 16:28:04'),
(493,	36,	1,	3,	4,	0.025806451612903,	'2023-07-25 16:26:59',	'2023-07-25 16:28:05'),
(494,	36,	1,	4,	3,	0.018987341772152,	'2023-07-25 16:26:59',	'2023-07-25 16:28:05'),
(495,	36,	2,	5,	4,	0.025,	'2023-07-25 16:26:59',	'2023-07-25 16:28:05'),
(496,	36,	2,	6,	3,	0.02,	'2023-07-25 16:26:59',	'2023-07-25 16:28:05'),
(497,	36,	2,	7,	4,	0.024844720496894,	'2023-07-25 16:26:59',	'2023-07-25 16:28:05'),
(498,	36,	2,	8,	3,	0.019480519480519,	'2023-07-25 16:26:59',	'2023-07-25 16:28:05'),
(499,	36,	2,	9,	3,	0.018633540372671,	'2023-07-25 16:26:59',	'2023-07-25 16:28:05'),
(500,	36,	3,	10,	4,	0.027586206896552,	'2023-07-25 16:26:59',	'2023-07-25 16:28:05'),
(501,	36,	3,	11,	4,	0.026845637583893,	'2023-07-25 16:26:59',	'2023-07-25 16:28:06'),
(502,	36,	3,	12,	4,	0.028776978417266,	'2023-07-25 16:26:59',	'2023-07-25 16:28:06'),
(503,	36,	3,	13,	3,	0.021276595744681,	'2023-07-25 16:26:59',	'2023-07-25 16:28:06'),
(504,	36,	3,	14,	3,	0.020408163265306,	'2023-07-25 16:26:59',	'2023-07-25 16:28:06'),
(505,	37,	1,	1,	4,	0.026845637583893,	'2023-07-25 16:26:59',	'2023-07-25 16:28:04'),
(506,	37,	1,	2,	4,	0.025,	'2023-07-25 16:26:59',	'2023-07-25 16:28:04'),
(507,	37,	1,	3,	4,	0.025806451612903,	'2023-07-25 16:26:59',	'2023-07-25 16:28:05'),
(508,	37,	1,	4,	3,	0.018987341772152,	'2023-07-25 16:26:59',	'2023-07-25 16:28:05'),
(509,	37,	2,	5,	4,	0.025,	'2023-07-25 16:26:59',	'2023-07-25 16:28:05'),
(510,	37,	2,	6,	4,	0.026666666666667,	'2023-07-25 16:26:59',	'2023-07-25 16:28:05'),
(511,	37,	2,	7,	4,	0.024844720496894,	'2023-07-25 16:26:59',	'2023-07-25 16:28:05'),
(512,	37,	2,	8,	3,	0.019480519480519,	'2023-07-25 16:26:59',	'2023-07-25 16:28:05'),
(513,	37,	2,	9,	3,	0.018633540372671,	'2023-07-25 16:26:59',	'2023-07-25 16:28:05'),
(514,	37,	3,	10,	4,	0.027586206896552,	'2023-07-25 16:26:59',	'2023-07-25 16:28:05'),
(515,	37,	3,	11,	4,	0.026845637583893,	'2023-07-25 16:26:59',	'2023-07-25 16:28:06'),
(516,	37,	3,	12,	3,	0.02158273381295,	'2023-07-25 16:26:59',	'2023-07-25 16:28:06'),
(517,	37,	3,	13,	3,	0.021276595744681,	'2023-07-25 16:26:59',	'2023-07-25 16:28:06'),
(518,	37,	3,	14,	3,	0.020408163265306,	'2023-07-25 16:26:59',	'2023-07-25 16:28:06'),
(519,	38,	1,	1,	3,	0.020134228187919,	'2023-07-25 16:26:59',	'2023-07-25 16:28:04'),
(520,	38,	1,	2,	4,	0.025,	'2023-07-25 16:26:59',	'2023-07-25 16:28:04'),
(521,	38,	1,	3,	4,	0.025806451612903,	'2023-07-25 16:26:59',	'2023-07-25 16:28:05'),
(522,	38,	1,	4,	4,	0.025316455696203,	'2023-07-25 16:26:59',	'2023-07-25 16:28:05'),
(523,	38,	2,	5,	4,	0.025,	'2023-07-25 16:26:59',	'2023-07-25 16:28:05'),
(524,	38,	2,	6,	4,	0.026666666666667,	'2023-07-25 16:26:59',	'2023-07-25 16:28:05'),
(525,	38,	2,	7,	4,	0.024844720496894,	'2023-07-25 16:26:59',	'2023-07-25 16:28:05'),
(526,	38,	2,	8,	3,	0.019480519480519,	'2023-07-25 16:26:59',	'2023-07-25 16:28:05'),
(527,	38,	2,	9,	3,	0.018633540372671,	'2023-07-25 16:26:59',	'2023-07-25 16:28:05'),
(528,	38,	3,	10,	3,	0.020689655172414,	'2023-07-25 16:26:59',	'2023-07-25 16:28:05'),
(529,	38,	3,	11,	4,	0.026845637583893,	'2023-07-25 16:26:59',	'2023-07-25 16:28:06'),
(530,	38,	3,	12,	3,	0.02158273381295,	'2023-07-25 16:26:59',	'2023-07-25 16:28:06'),
(531,	38,	3,	13,	3,	0.021276595744681,	'2023-07-25 16:26:59',	'2023-07-25 16:28:06'),
(532,	38,	3,	14,	3,	0.020408163265306,	'2023-07-25 16:26:59',	'2023-07-25 16:28:06'),
(533,	39,	1,	1,	4,	0.026845637583893,	'2023-07-25 16:26:59',	'2023-07-25 16:28:04'),
(534,	39,	1,	2,	4,	0.025,	'2023-07-25 16:26:59',	'2023-07-25 16:28:04'),
(535,	39,	1,	3,	4,	0.025806451612903,	'2023-07-25 16:26:59',	'2023-07-25 16:28:05'),
(536,	39,	1,	4,	4,	0.025316455696203,	'2023-07-25 16:26:59',	'2023-07-25 16:28:05'),
(537,	39,	2,	5,	4,	0.025,	'2023-07-25 16:26:59',	'2023-07-25 16:28:05'),
(538,	39,	2,	6,	4,	0.026666666666667,	'2023-07-25 16:26:59',	'2023-07-25 16:28:05'),
(539,	39,	2,	7,	4,	0.024844720496894,	'2023-07-25 16:26:59',	'2023-07-25 16:28:05'),
(540,	39,	2,	8,	3,	0.019480519480519,	'2023-07-25 16:26:59',	'2023-07-25 16:28:05'),
(541,	39,	2,	9,	4,	0.024844720496894,	'2023-07-25 16:26:59',	'2023-07-25 16:28:05'),
(542,	39,	3,	10,	4,	0.027586206896552,	'2023-07-25 16:26:59',	'2023-07-25 16:28:05'),
(543,	39,	3,	11,	4,	0.026845637583893,	'2023-07-25 16:26:59',	'2023-07-25 16:28:06'),
(544,	39,	3,	12,	4,	0.028776978417266,	'2023-07-25 16:26:59',	'2023-07-25 16:28:06'),
(545,	39,	3,	13,	3,	0.021276595744681,	'2023-07-25 16:26:59',	'2023-07-25 16:28:06'),
(546,	39,	3,	14,	3,	0.020408163265306,	'2023-07-25 16:26:59',	'2023-07-25 16:28:06'),
(547,	40,	1,	1,	2,	0.013422818791946,	'2023-07-25 16:26:59',	'2023-07-25 16:28:04'),
(548,	40,	1,	2,	2,	0.0125,	'2023-07-25 16:26:59',	'2023-07-25 16:28:04'),
(549,	40,	1,	3,	3,	0.019354838709677,	'2023-07-25 16:26:59',	'2023-07-25 16:28:05'),
(550,	40,	1,	4,	3,	0.018987341772152,	'2023-07-25 16:26:59',	'2023-07-25 16:28:05'),
(551,	40,	2,	5,	2,	0.0125,	'2023-07-25 16:26:59',	'2023-07-25 16:28:05'),
(552,	40,	2,	6,	2,	0.013333333333333,	'2023-07-25 16:26:59',	'2023-07-25 16:28:05'),
(553,	40,	2,	7,	2,	0.012422360248447,	'2023-07-25 16:26:59',	'2023-07-25 16:28:05'),
(554,	40,	2,	8,	2,	0.012987012987013,	'2023-07-25 16:26:59',	'2023-07-25 16:28:05'),
(555,	40,	2,	9,	3,	0.018633540372671,	'2023-07-25 16:26:59',	'2023-07-25 16:28:05'),
(556,	40,	3,	10,	2,	0.013793103448276,	'2023-07-25 16:26:59',	'2023-07-25 16:28:05'),
(557,	40,	3,	11,	2,	0.013422818791946,	'2023-07-25 16:26:59',	'2023-07-25 16:28:06'),
(558,	40,	3,	12,	3,	0.02158273381295,	'2023-07-25 16:26:59',	'2023-07-25 16:28:06'),
(559,	40,	3,	13,	2,	0.014184397163121,	'2023-07-25 16:26:59',	'2023-07-25 16:28:06'),
(560,	40,	3,	14,	3,	0.020408163265306,	'2023-07-25 16:26:59',	'2023-07-25 16:28:06'),
(561,	41,	1,	1,	3,	0.020134228187919,	'2023-07-25 16:26:59',	'2023-07-25 16:28:04'),
(562,	41,	1,	2,	3,	0.01875,	'2023-07-25 16:26:59',	'2023-07-25 16:28:04'),
(563,	41,	1,	3,	3,	0.019354838709677,	'2023-07-25 16:26:59',	'2023-07-25 16:28:05'),
(564,	41,	1,	4,	3,	0.018987341772152,	'2023-07-25 16:26:59',	'2023-07-25 16:28:05'),
(565,	41,	2,	5,	2,	0.0125,	'2023-07-25 16:26:59',	'2023-07-25 16:28:05'),
(566,	41,	2,	6,	2,	0.013333333333333,	'2023-07-25 16:26:59',	'2023-07-25 16:28:05'),
(567,	41,	2,	7,	3,	0.018633540372671,	'2023-07-25 16:26:59',	'2023-07-25 16:28:05'),
(568,	41,	2,	8,	3,	0.019480519480519,	'2023-07-25 16:26:59',	'2023-07-25 16:28:05'),
(569,	41,	2,	9,	3,	0.018633540372671,	'2023-07-25 16:26:59',	'2023-07-25 16:28:05'),
(570,	41,	3,	10,	2,	0.013793103448276,	'2023-07-25 16:26:59',	'2023-07-25 16:28:05'),
(571,	41,	3,	11,	2,	0.013422818791946,	'2023-07-25 16:26:59',	'2023-07-25 16:28:06'),
(572,	41,	3,	12,	2,	0.014388489208633,	'2023-07-25 16:26:59',	'2023-07-25 16:28:06'),
(573,	41,	3,	13,	2,	0.014184397163121,	'2023-07-25 16:26:59',	'2023-07-25 16:28:06'),
(574,	41,	3,	14,	3,	0.020408163265306,	'2023-07-25 16:26:59',	'2023-07-25 16:28:06'),
(575,	42,	1,	1,	2,	0.013422818791946,	'2023-07-25 16:26:59',	'2023-07-25 16:28:04'),
(576,	42,	1,	2,	3,	0.01875,	'2023-07-25 16:26:59',	'2023-07-25 16:28:04'),
(577,	42,	1,	3,	2,	0.012903225806452,	'2023-07-25 16:26:59',	'2023-07-25 16:28:05'),
(578,	42,	1,	4,	3,	0.018987341772152,	'2023-07-25 16:26:59',	'2023-07-25 16:28:05'),
(579,	42,	2,	5,	3,	0.01875,	'2023-07-25 16:26:59',	'2023-07-25 16:28:05'),
(580,	42,	2,	6,	3,	0.02,	'2023-07-25 16:26:59',	'2023-07-25 16:28:05'),
(581,	42,	2,	7,	3,	0.018633540372671,	'2023-07-25 16:26:59',	'2023-07-25 16:28:05'),
(582,	42,	2,	8,	3,	0.019480519480519,	'2023-07-25 16:26:59',	'2023-07-25 16:28:05'),
(583,	42,	2,	9,	3,	0.018633540372671,	'2023-07-25 16:26:59',	'2023-07-25 16:28:05'),
(584,	42,	3,	10,	3,	0.020689655172414,	'2023-07-25 16:26:59',	'2023-07-25 16:28:05'),
(585,	42,	3,	11,	3,	0.020134228187919,	'2023-07-25 16:26:59',	'2023-07-25 16:28:06'),
(586,	42,	3,	12,	2,	0.014388489208633,	'2023-07-25 16:26:59',	'2023-07-25 16:28:06'),
(587,	42,	3,	13,	3,	0.021276595744681,	'2023-07-25 16:26:59',	'2023-07-25 16:28:06'),
(588,	42,	3,	14,	3,	0.020408163265306,	'2023-07-25 16:26:59',	'2023-07-25 16:28:06'),
(589,	43,	1,	1,	3,	0.020134228187919,	'2023-07-25 16:26:59',	'2023-07-25 16:28:04'),
(590,	43,	1,	2,	3,	0.01875,	'2023-07-25 16:26:59',	'2023-07-25 16:28:04'),
(591,	43,	1,	3,	4,	0.025806451612903,	'2023-07-25 16:26:59',	'2023-07-25 16:28:05'),
(592,	43,	1,	4,	4,	0.025316455696203,	'2023-07-25 16:26:59',	'2023-07-25 16:28:05'),
(593,	43,	2,	5,	4,	0.025,	'2023-07-25 16:26:59',	'2023-07-25 16:28:05'),
(594,	43,	2,	6,	3,	0.02,	'2023-07-25 16:26:59',	'2023-07-25 16:28:05'),
(595,	43,	2,	7,	3,	0.018633540372671,	'2023-07-25 16:26:59',	'2023-07-25 16:28:05'),
(596,	43,	2,	8,	3,	0.019480519480519,	'2023-07-25 16:26:59',	'2023-07-25 16:28:05'),
(597,	43,	2,	9,	3,	0.018633540372671,	'2023-07-25 16:26:59',	'2023-07-25 16:28:05'),
(598,	43,	3,	10,	3,	0.020689655172414,	'2023-07-25 16:26:59',	'2023-07-25 16:28:05'),
(599,	43,	3,	11,	4,	0.026845637583893,	'2023-07-25 16:26:59',	'2023-07-25 16:28:06'),
(600,	43,	3,	12,	3,	0.02158273381295,	'2023-07-25 16:26:59',	'2023-07-25 16:28:06'),
(601,	43,	3,	13,	3,	0.021276595744681,	'2023-07-25 16:26:59',	'2023-07-25 16:28:06'),
(602,	43,	3,	14,	3,	0.020408163265306,	'2023-07-25 16:26:59',	'2023-07-25 16:28:06'),
(603,	44,	1,	1,	3,	0.020134228187919,	'2023-07-25 16:26:59',	'2023-07-25 16:28:04'),
(604,	44,	1,	2,	3,	0.01875,	'2023-07-25 16:26:59',	'2023-07-25 16:28:04'),
(605,	44,	1,	3,	4,	0.025806451612903,	'2023-07-25 16:26:59',	'2023-07-25 16:28:05'),
(606,	44,	1,	4,	4,	0.025316455696203,	'2023-07-25 16:26:59',	'2023-07-25 16:28:05'),
(607,	44,	2,	5,	4,	0.025,	'2023-07-25 16:26:59',	'2023-07-25 16:28:05'),
(608,	44,	2,	6,	3,	0.02,	'2023-07-25 16:26:59',	'2023-07-25 16:28:05'),
(609,	44,	2,	7,	4,	0.024844720496894,	'2023-07-25 16:26:59',	'2023-07-25 16:28:05'),
(610,	44,	2,	8,	3,	0.019480519480519,	'2023-07-25 16:26:59',	'2023-07-25 16:28:05'),
(611,	44,	2,	9,	3,	0.018633540372671,	'2023-07-25 16:26:59',	'2023-07-25 16:28:05'),
(612,	44,	3,	10,	3,	0.020689655172414,	'2023-07-25 16:26:59',	'2023-07-25 16:28:05'),
(613,	44,	3,	11,	3,	0.020134228187919,	'2023-07-25 16:26:59',	'2023-07-25 16:28:06'),
(614,	44,	3,	12,	4,	0.028776978417266,	'2023-07-25 16:26:59',	'2023-07-25 16:28:06'),
(615,	44,	3,	13,	3,	0.021276595744681,	'2023-07-25 16:26:59',	'2023-07-25 16:28:06'),
(616,	44,	3,	14,	3,	0.020408163265306,	'2023-07-25 16:26:59',	'2023-07-25 16:28:06'),
(617,	45,	1,	1,	3,	0.020134228187919,	'2023-07-25 16:26:59',	'2023-07-25 16:28:04'),
(618,	45,	1,	2,	3,	0.01875,	'2023-07-25 16:26:59',	'2023-07-25 16:28:04'),
(619,	45,	1,	3,	2,	0.012903225806452,	'2023-07-25 16:26:59',	'2023-07-25 16:28:05'),
(620,	45,	1,	4,	3,	0.018987341772152,	'2023-07-25 16:26:59',	'2023-07-25 16:28:05'),
(621,	45,	2,	5,	3,	0.01875,	'2023-07-25 16:26:59',	'2023-07-25 16:28:05'),
(622,	45,	2,	6,	3,	0.02,	'2023-07-25 16:26:59',	'2023-07-25 16:28:05'),
(623,	45,	2,	7,	3,	0.018633540372671,	'2023-07-25 16:26:59',	'2023-07-25 16:28:05'),
(624,	45,	2,	8,	3,	0.019480519480519,	'2023-07-25 16:26:59',	'2023-07-25 16:28:05'),
(625,	45,	2,	9,	4,	0.024844720496894,	'2023-07-25 16:26:59',	'2023-07-25 16:28:05'),
(626,	45,	3,	10,	2,	0.013793103448276,	'2023-07-25 16:26:59',	'2023-07-25 16:28:05'),
(627,	45,	3,	11,	3,	0.020134228187919,	'2023-07-25 16:26:59',	'2023-07-25 16:28:06'),
(628,	45,	3,	12,	3,	0.02158273381295,	'2023-07-25 16:26:59',	'2023-07-25 16:28:06'),
(629,	45,	3,	13,	3,	0.021276595744681,	'2023-07-25 16:26:59',	'2023-07-25 16:28:06'),
(630,	45,	3,	14,	3,	0.020408163265306,	'2023-07-25 16:26:59',	'2023-07-25 16:28:06'),
(631,	46,	1,	1,	3,	0.020134228187919,	'2023-07-25 16:26:59',	'2023-07-25 16:28:04'),
(632,	46,	1,	2,	3,	0.01875,	'2023-07-25 16:26:59',	'2023-07-25 16:28:04'),
(633,	46,	1,	3,	2,	0.012903225806452,	'2023-07-25 16:26:59',	'2023-07-25 16:28:05'),
(634,	46,	1,	4,	3,	0.018987341772152,	'2023-07-25 16:26:59',	'2023-07-25 16:28:05'),
(635,	46,	2,	5,	3,	0.01875,	'2023-07-25 16:26:59',	'2023-07-25 16:28:05'),
(636,	46,	2,	6,	2,	0.013333333333333,	'2023-07-25 16:26:59',	'2023-07-25 16:28:05'),
(637,	46,	2,	7,	3,	0.018633540372671,	'2023-07-25 16:26:59',	'2023-07-25 16:28:05'),
(638,	46,	2,	8,	2,	0.012987012987013,	'2023-07-25 16:26:59',	'2023-07-25 16:28:05'),
(639,	46,	2,	9,	3,	0.018633540372671,	'2023-07-25 16:26:59',	'2023-07-25 16:28:05'),
(640,	46,	3,	10,	3,	0.020689655172414,	'2023-07-25 16:26:59',	'2023-07-25 16:28:05'),
(641,	46,	3,	11,	2,	0.013422818791946,	'2023-07-25 16:26:59',	'2023-07-25 16:28:06'),
(642,	46,	3,	12,	2,	0.014388489208633,	'2023-07-25 16:26:59',	'2023-07-25 16:28:06'),
(643,	46,	3,	13,	3,	0.021276595744681,	'2023-07-25 16:26:59',	'2023-07-25 16:28:06'),
(644,	46,	3,	14,	3,	0.020408163265306,	'2023-07-25 16:26:59',	'2023-07-25 16:28:06'),
(645,	47,	1,	1,	3,	0.020134228187919,	'2023-07-25 16:26:59',	'2023-07-25 16:28:04'),
(646,	47,	1,	2,	3,	0.01875,	'2023-07-25 16:26:59',	'2023-07-25 16:28:04'),
(647,	47,	1,	3,	3,	0.019354838709677,	'2023-07-25 16:26:59',	'2023-07-25 16:28:05'),
(648,	47,	1,	4,	3,	0.018987341772152,	'2023-07-25 16:26:59',	'2023-07-25 16:28:05'),
(649,	47,	2,	5,	4,	0.025,	'2023-07-25 16:26:59',	'2023-07-25 16:28:05'),
(650,	47,	2,	6,	3,	0.02,	'2023-07-25 16:26:59',	'2023-07-25 16:28:05'),
(651,	47,	2,	7,	3,	0.018633540372671,	'2023-07-25 16:26:59',	'2023-07-25 16:28:05'),
(652,	47,	2,	8,	4,	0.025974025974026,	'2023-07-25 16:26:59',	'2023-07-25 16:28:05'),
(653,	47,	2,	9,	4,	0.024844720496894,	'2023-07-25 16:26:59',	'2023-07-25 16:28:05'),
(654,	47,	3,	10,	3,	0.020689655172414,	'2023-07-25 16:26:59',	'2023-07-25 16:28:05'),
(655,	47,	3,	11,	3,	0.020134228187919,	'2023-07-25 16:26:59',	'2023-07-25 16:28:06'),
(656,	47,	3,	12,	3,	0.02158273381295,	'2023-07-25 16:26:59',	'2023-07-25 16:28:06'),
(657,	47,	3,	13,	3,	0.021276595744681,	'2023-07-25 16:26:59',	'2023-07-25 16:28:06'),
(658,	47,	3,	14,	3,	0.020408163265306,	'2023-07-25 16:26:59',	'2023-07-25 16:28:06'),
(659,	48,	1,	1,	3,	0.020134228187919,	'2023-07-25 16:26:59',	'2023-07-25 16:28:04'),
(660,	48,	1,	2,	3,	0.01875,	'2023-07-25 16:26:59',	'2023-07-25 16:28:04'),
(661,	48,	1,	3,	3,	0.019354838709677,	'2023-07-25 16:26:59',	'2023-07-25 16:28:05'),
(662,	48,	1,	4,	3,	0.018987341772152,	'2023-07-25 16:26:59',	'2023-07-25 16:28:05'),
(663,	48,	2,	5,	3,	0.01875,	'2023-07-25 16:26:59',	'2023-07-25 16:28:05'),
(664,	48,	2,	6,	3,	0.02,	'2023-07-25 16:26:59',	'2023-07-25 16:28:05'),
(665,	48,	2,	7,	3,	0.018633540372671,	'2023-07-25 16:26:59',	'2023-07-25 16:28:05'),
(666,	48,	2,	8,	3,	0.019480519480519,	'2023-07-25 16:26:59',	'2023-07-25 16:28:05'),
(667,	48,	2,	9,	3,	0.018633540372671,	'2023-07-25 16:26:59',	'2023-07-25 16:28:05'),
(668,	48,	3,	10,	3,	0.020689655172414,	'2023-07-25 16:26:59',	'2023-07-25 16:28:05'),
(669,	48,	3,	11,	2,	0.013422818791946,	'2023-07-25 16:26:59',	'2023-07-25 16:28:06'),
(670,	48,	3,	12,	3,	0.02158273381295,	'2023-07-25 16:26:59',	'2023-07-25 16:28:06'),
(671,	48,	3,	13,	3,	0.021276595744681,	'2023-07-25 16:26:59',	'2023-07-25 16:28:06'),
(672,	48,	3,	14,	2,	0.013605442176871,	'2023-07-25 16:26:59',	'2023-07-25 16:28:06'),
(673,	49,	1,	1,	3,	0.020134228187919,	'2023-07-25 16:26:59',	'2023-07-25 16:28:04'),
(674,	49,	1,	2,	3,	0.01875,	'2023-07-25 16:26:59',	'2023-07-25 16:28:04'),
(675,	49,	1,	3,	3,	0.019354838709677,	'2023-07-25 16:26:59',	'2023-07-25 16:28:05'),
(676,	49,	1,	4,	3,	0.018987341772152,	'2023-07-25 16:26:59',	'2023-07-25 16:28:05'),
(677,	49,	2,	5,	3,	0.01875,	'2023-07-25 16:26:59',	'2023-07-25 16:28:05'),
(678,	49,	2,	6,	3,	0.02,	'2023-07-25 16:26:59',	'2023-07-25 16:28:05'),
(679,	49,	2,	7,	3,	0.018633540372671,	'2023-07-25 16:26:59',	'2023-07-25 16:28:05'),
(680,	49,	2,	8,	3,	0.019480519480519,	'2023-07-25 16:26:59',	'2023-07-25 16:28:05'),
(681,	49,	2,	9,	3,	0.018633540372671,	'2023-07-25 16:26:59',	'2023-07-25 16:28:05'),
(682,	49,	3,	10,	3,	0.020689655172414,	'2023-07-25 16:26:59',	'2023-07-25 16:28:05'),
(683,	49,	3,	11,	3,	0.020134228187919,	'2023-07-25 16:26:59',	'2023-07-25 16:28:06'),
(684,	49,	3,	12,	2,	0.014388489208633,	'2023-07-25 16:26:59',	'2023-07-25 16:28:06'),
(685,	49,	3,	13,	2,	0.014184397163121,	'2023-07-25 16:26:59',	'2023-07-25 16:28:06'),
(686,	49,	3,	14,	3,	0.020408163265306,	'2023-07-25 16:26:59',	'2023-07-25 16:28:06'),
(687,	50,	1,	1,	3,	0.020134228187919,	'2023-07-25 16:26:59',	'2023-07-25 16:28:04'),
(688,	50,	1,	2,	3,	0.01875,	'2023-07-25 16:26:59',	'2023-07-25 16:28:04'),
(689,	50,	1,	3,	3,	0.019354838709677,	'2023-07-25 16:26:59',	'2023-07-25 16:28:05'),
(690,	50,	1,	4,	3,	0.018987341772152,	'2023-07-25 16:26:59',	'2023-07-25 16:28:05'),
(691,	50,	2,	5,	4,	0.025,	'2023-07-25 16:26:59',	'2023-07-25 16:28:05'),
(692,	50,	2,	6,	3,	0.02,	'2023-07-25 16:26:59',	'2023-07-25 16:28:05'),
(693,	50,	2,	7,	3,	0.018633540372671,	'2023-07-25 16:26:59',	'2023-07-25 16:28:05'),
(694,	50,	2,	8,	3,	0.019480519480519,	'2023-07-25 16:26:59',	'2023-07-25 16:28:05'),
(695,	50,	2,	9,	3,	0.018633540372671,	'2023-07-25 16:26:59',	'2023-07-25 16:28:05'),
(696,	50,	3,	10,	3,	0.020689655172414,	'2023-07-25 16:26:59',	'2023-07-25 16:28:05'),
(697,	50,	3,	11,	3,	0.020134228187919,	'2023-07-25 16:26:59',	'2023-07-25 16:28:06'),
(698,	50,	3,	12,	3,	0.02158273381295,	'2023-07-25 16:26:59',	'2023-07-25 16:28:06'),
(699,	50,	3,	13,	2,	0.014184397163121,	'2023-07-25 16:26:59',	'2023-07-25 16:28:06'),
(700,	50,	3,	14,	3,	0.020408163265306,	'2023-07-25 16:26:59',	'2023-07-25 16:28:06'),
(701,	51,	1,	1,	3,	0.020134228187919,	'2023-07-25 16:26:59',	'2023-07-25 16:28:04'),
(702,	51,	1,	2,	3,	0.01875,	'2023-07-25 16:26:59',	'2023-07-25 16:28:04'),
(703,	51,	1,	3,	3,	0.019354838709677,	'2023-07-25 16:26:59',	'2023-07-25 16:28:05'),
(704,	51,	1,	4,	3,	0.018987341772152,	'2023-07-25 16:26:59',	'2023-07-25 16:28:05'),
(705,	51,	2,	5,	3,	0.01875,	'2023-07-25 16:26:59',	'2023-07-25 16:28:05'),
(706,	51,	2,	6,	3,	0.02,	'2023-07-25 16:26:59',	'2023-07-25 16:28:05'),
(707,	51,	2,	7,	3,	0.018633540372671,	'2023-07-25 16:26:59',	'2023-07-25 16:28:05'),
(708,	51,	2,	8,	3,	0.019480519480519,	'2023-07-25 16:26:59',	'2023-07-25 16:28:05'),
(709,	51,	2,	9,	4,	0.024844720496894,	'2023-07-25 16:26:59',	'2023-07-25 16:28:05'),
(710,	51,	3,	10,	3,	0.020689655172414,	'2023-07-25 16:26:59',	'2023-07-25 16:28:05'),
(711,	51,	3,	11,	3,	0.020134228187919,	'2023-07-25 16:26:59',	'2023-07-25 16:28:06'),
(712,	51,	3,	12,	3,	0.02158273381295,	'2023-07-25 16:26:59',	'2023-07-25 16:28:06'),
(713,	51,	3,	13,	3,	0.021276595744681,	'2023-07-25 16:26:59',	'2023-07-25 16:28:06'),
(714,	51,	3,	14,	3,	0.020408163265306,	'2023-07-25 16:26:59',	'2023-07-25 16:28:06');

INSERT INTO `criteria_comparisons` (`id`, `criteria_id`, `row_idx`, `column_idx`, `value`, `normalization_value`, `created_at`, `updated_at`) VALUES
(1,	1,	1,	1,	1,	0.25,	'2023-07-22 16:24:12',	'2023-07-22 16:28:20'),
(2,	1,	1,	2,	0.5,	0.25,	'2023-07-22 16:24:12',	'2023-07-22 16:28:20'),
(3,	1,	1,	3,	1,	0.25,	'2023-07-22 16:24:12',	'2023-07-22 16:28:20'),
(4,	2,	2,	1,	2,	0.5,	'2023-07-22 16:24:12',	'2023-07-22 16:28:20'),
(5,	2,	2,	2,	1,	0.5,	'2023-07-22 16:24:12',	'2023-07-22 16:28:20'),
(6,	2,	2,	3,	2,	0.5,	'2023-07-22 16:24:12',	'2023-07-22 16:28:20'),
(7,	3,	3,	1,	1,	0.25,	'2023-07-22 16:24:12',	'2023-07-22 16:28:20'),
(8,	3,	3,	2,	0.5,	0.25,	'2023-07-22 16:24:12',	'2023-07-22 16:28:20'),
(9,	3,	3,	3,	1,	0.25,	'2023-07-22 16:24:12',	'2023-07-22 16:28:20');

INSERT INTO `criterias` (`id`, `name`, `order`, `comparison_column_sum`, `normalization_row_sum`, `priority`, `eigen`, `created_at`, `updated_at`) VALUES
(1,	'KEPRIBADIAN DAN PERILAKU',	1,	4,	0.75,	0.25,	1,	'2023-07-25 16:26:57',	'2023-07-25 16:30:04'),
(2,	'PRESTASI DAN HASIL KERJA',	2,	2,	1.5,	0.5,	1,	'2023-07-25 16:26:57',	'2023-07-25 16:30:04'),
(3,	'PROSES KERJA',	3,	4,	0.75,	0.25,	1,	'2023-07-25 16:26:57',	'2023-07-25 16:30:04');

INSERT INTO `divisions` (`id`, `name`, `created_at`, `updated_at`) VALUES
(1,	'Keuangan & SDM',	'2023-07-25 16:26:57',	'2023-07-25 16:26:57'),
(2,	'Suply Chain',	'2023-07-25 16:26:57',	'2023-07-25 16:26:57'),
(3,	'Marketing',	'2023-07-25 16:26:57',	'2023-07-25 16:26:57'),
(4,	'Riset & Pengembangan',	'2023-07-25 16:26:57',	'2023-07-25 16:26:57'),
(5,	'Produksi',	'2023-07-25 16:26:57',	'2023-07-25 16:26:57'),
(6,	'Instalasi & Perbaikan',	'2023-07-25 16:26:57',	'2023-07-25 16:26:57'),
(7,	'Desain',	'2023-07-25 16:26:57',	'2023-07-25 16:26:57'),
(8,	'Umum',	'2023-07-25 16:26:57',	'2023-07-25 16:26:57'),
(9,	'Admin',	'2023-07-25 16:26:57',	'2023-07-25 16:26:57');

INSERT INTO `employees` (`id`, `ein`, `name`, `division_id`, `assessor_id`, `value`, `rangking`, `created_at`, `updated_at`, `deleted_at`) VALUES
(1,	'100801',	'karyawan1',	1,	2,	0.017075757550581,	26,	'2023-07-25 16:26:57',	'2023-07-25 16:30:49',	NULL),
(2,	'121101',	'karyawan2',	1,	2,	0.016914656720822,	28,	'2023-07-25 16:26:57',	'2023-07-25 16:30:49',	NULL),
(3,	'180301',	'karyawan3',	1,	2,	0.017084838841749,	25,	'2023-07-25 16:26:57',	'2023-07-25 16:30:49',	NULL),
(4,	'180302',	'karyawan4',	1,	2,	0.017109005385844,	22,	'2023-07-25 16:26:57',	'2023-07-25 16:30:49',	NULL),
(5,	'200102',	'karyawan5',	2,	2,	0.016890490176727,	29,	'2023-07-25 16:26:57',	'2023-07-25 16:30:49',	NULL),
(6,	'080301',	'karyawan6',	2,	2,	0.018466892435423,	16,	'2023-07-25 16:26:57',	'2023-07-25 16:30:49',	NULL),
(7,	'100101',	'karyawan7',	3,	2,	0.01594619115943,	37,	'2023-07-25 16:26:57',	'2023-07-25 16:30:49',	NULL),
(8,	'151205',	'karyawan8',	3,	2,	0.01594619115943,	36,	'2023-07-25 16:26:57',	'2023-07-25 16:30:49',	NULL),
(9,	'210301',	'karyawan9',	3,	7,	0.019543383743923,	8,	'2023-07-25 16:26:57',	'2023-07-25 16:30:49',	NULL),
(10,	'210302',	'karyawan10',	3,	6,	0.015909316944655,	38,	'2023-07-25 16:26:57',	'2023-07-25 16:30:49',	NULL),
(11,	'201101',	'karyawan11',	4,	3,	0.017098057801294,	24,	'2023-07-25 16:26:57',	'2023-07-25 16:30:49',	NULL),
(12,	'130301',	'karyawan12',	4,	3,	0.01850307903841,	15,	'2023-07-25 16:26:57',	'2023-07-25 16:30:49',	NULL),
(13,	'210303',	'karyawan13',	4,	3,	0.013840911475653,	47,	'2023-07-25 16:26:57',	'2023-07-25 16:30:49',	NULL),
(14,	'080301',	'karyawan14',	4,	3,	0.005694946280583,	51,	'2023-07-25 16:26:57',	'2023-07-25 16:30:49',	NULL),
(15,	'181101',	'karyawan15',	4,	3,	0.013973703359344,	45,	'2023-07-25 16:26:57',	'2023-07-25 16:30:49',	NULL),
(16,	'210401',	'karyawan16',	4,	3,	0.014026723730807,	44,	'2023-07-25 16:26:57',	'2023-07-25 16:30:49',	NULL),
(17,	'201201',	'karyawan17',	4,	3,	0.016884882325416,	31,	'2023-07-25 16:26:57',	'2023-07-25 16:30:49',	NULL),
(18,	'210101',	'karyawan18',	4,	3,	0.01788370937519,	21,	'2023-07-25 16:26:57',	'2023-07-25 16:30:49',	NULL),
(19,	'150403',	'karyawan19',	5,	5,	0.019462860231151,	9,	'2023-07-25 16:26:57',	'2023-07-25 16:30:49',	NULL),
(20,	'100201',	'karyawan20',	5,	5,	0.016429835117868,	33,	'2023-07-25 16:26:57',	'2023-07-25 16:30:49',	NULL),
(21,	'121103',	'karyawan21',	5,	5,	0.016989771530068,	27,	'2023-07-25 16:26:57',	'2023-07-25 16:30:49',	NULL),
(22,	'180802',	'karyawan22',	5,	5,	0.018079870311797,	18,	'2023-07-25 16:26:57',	'2023-07-25 16:30:49',	NULL),
(23,	'151204',	'karyawan23',	5,	5,	0.018998257505636,	12,	'2023-07-25 16:26:57',	'2023-07-25 16:30:49',	NULL),
(24,	'161201',	'karyawan24',	5,	5,	0.018656475259357,	14,	'2023-07-25 16:26:57',	'2023-07-25 16:30:49',	NULL),
(25,	'091002',	'karyawan25',	5,	5,	0.019730441898924,	7,	'2023-07-25 16:26:57',	'2023-07-25 16:30:49',	NULL),
(26,	'091001',	'karyawan26',	6,	3,	0.019942556522933,	5,	'2023-07-25 16:26:57',	'2023-07-25 16:30:49',	NULL),
(27,	'150901',	'karyawan27',	6,	3,	0.018029137859045,	19,	'2023-07-25 16:26:57',	'2023-07-25 16:30:49',	NULL),
(28,	'111003',	'karyawan28',	6,	3,	0.02249817516286,	1,	'2023-07-25 16:26:57',	'2023-07-25 16:30:49',	NULL),
(29,	'150404',	'karyawan29',	6,	4,	0.019341664932951,	10,	'2023-07-25 16:26:57',	'2023-07-25 16:30:49',	NULL),
(30,	'100901',	'karyawan30',	6,	4,	0.016573775827279,	32,	'2023-07-25 16:26:57',	'2023-07-25 16:30:49',	NULL),
(31,	'190602',	'karyawan31',	6,	4,	0.011978105333666,	50,	'2023-07-25 16:26:57',	'2023-07-25 16:30:49',	NULL),
(32,	'151203',	'karyawan32',	6,	4,	0.014560491854544,	41,	'2023-07-25 16:26:57',	'2023-07-25 16:30:49',	NULL),
(33,	'190601',	'karyawan33',	6,	4,	0.014323534912687,	42,	'2023-07-25 16:26:57',	'2023-07-25 16:30:49',	NULL),
(34,	'160901',	'karyawan34',	6,	4,	0.013285585495219,	48,	'2023-07-25 16:26:57',	'2023-07-25 16:30:49',	NULL),
(35,	'090801',	'karyawan35',	6,	4,	0.013843565966759,	46,	'2023-07-25 16:26:57',	'2023-07-25 16:30:49',	NULL),
(36,	'141101',	'karyawan36',	6,	4,	0.020023426277122,	4,	'2023-07-25 16:26:57',	'2023-07-25 16:30:49',	NULL),
(37,	'150902',	'karyawan37',	6,	4,	0.022199382614136,	3,	'2023-07-25 16:26:57',	'2023-07-25 16:30:49',	NULL),
(38,	'120702',	'karyawan38',	6,	4,	0.019896946390066,	6,	'2023-07-25 16:26:57',	'2023-07-25 16:30:49',	NULL),
(39,	'150401',	'karyawan39',	6,	4,	0.022350392609686,	2,	'2023-07-25 16:26:57',	'2023-07-25 16:30:49',	NULL),
(40,	'161203',	'karyawan40',	6,	4,	0.012001557615574,	49,	'2023-07-25 16:26:57',	'2023-07-25 16:30:49',	NULL),
(41,	'210103',	'karyawan41',	6,	4,	0.014170312619844,	43,	'2023-07-25 16:26:57',	'2023-07-25 16:30:49',	NULL),
(42,	'190603',	'karyawan42',	6,	4,	0.015021120197425,	40,	'2023-07-25 16:26:57',	'2023-07-25 16:30:49',	NULL),
(43,	'170802',	'karyawan43',	6,	4,	0.019053469796868,	11,	'2023-07-25 16:26:57',	'2023-07-25 16:30:49',	NULL),
(44,	'160902',	'karyawan44',	6,	4,	0.018688251399131,	13,	'2023-07-25 16:26:57',	'2023-07-25 16:30:49',	NULL),
(45,	'161202',	'karyawan45',	6,	4,	0.016277917799204,	34,	'2023-07-25 16:26:57',	'2023-07-25 16:30:49',	NULL),
(46,	'200901',	'karyawan46',	7,	3,	0.015693889880292,	39,	'2023-07-25 16:26:57',	'2023-07-25 16:30:49',	NULL),
(47,	'120401',	'karyawan47',	8,	2,	0.018254805134648,	17,	'2023-07-25 16:26:57',	'2023-07-25 16:30:49',	NULL),
(48,	'200701',	'karyawan48',	8,	2,	0.016274685149245,	35,	'2023-07-25 16:26:57',	'2023-07-25 16:30:49',	NULL),
(49,	'171101',	'karyawan49',	9,	2,	0.016890490176727,	30,	'2023-07-25 16:26:57',	'2023-07-25 16:30:49',	NULL),
(50,	'160401',	'karyawan50',	9,	2,	0.018029137859045,	20,	'2023-07-25 16:26:57',	'2023-07-25 16:30:49',	NULL),
(51,	'140201',	'karyawan51',	9,	2,	0.017109005385844,	23,	'2023-07-25 16:26:57',	'2023-07-25 16:30:49',	NULL);


INSERT INTO `subcriteria_comparisons` (`id`, `subcriteria_id`, `row_idx`, `column_idx`, `value`, `normalization_value`, `created_at`, `updated_at`) VALUES
(1,	1,	1,	1,	1,	0.52173913043477,	'2023-07-22 16:24:12',	'2023-07-22 16:29:53'),
(2,	1,	1,	2,	3,	0.54545454545455,	'2023-07-22 16:24:12',	'2023-07-22 16:29:53'),
(3,	1,	1,	3,	3,	0.54545454545455,	'2023-07-22 16:24:12',	'2023-07-22 16:29:53'),
(4,	1,	1,	4,	4,	0.44444444444444,	'2023-07-22 16:24:12',	'2023-07-22 16:29:53'),
(5,	2,	2,	1,	0.3333333333333333,	0.17391304347826,	'2023-07-22 16:24:12',	'2023-07-22 16:29:53'),
(6,	2,	2,	2,	1,	0.18181818181818,	'2023-07-22 16:24:12',	'2023-07-22 16:29:53'),
(7,	2,	2,	3,	1,	0.18181818181818,	'2023-07-22 16:24:12',	'2023-07-22 16:29:53'),
(8,	2,	2,	4,	2,	0.22222222222222,	'2023-07-22 16:24:12',	'2023-07-22 16:29:53'),
(9,	3,	3,	1,	0.3333333333333333,	0.17391304347826,	'2023-07-22 16:24:12',	'2023-07-22 16:29:53'),
(10,	3,	3,	2,	1,	0.18181818181818,	'2023-07-22 16:24:12',	'2023-07-22 16:29:53'),
(11,	3,	3,	3,	1,	0.18181818181818,	'2023-07-22 16:24:12',	'2023-07-22 16:29:53'),
(12,	3,	3,	4,	2,	0.22222222222222,	'2023-07-22 16:24:12',	'2023-07-22 16:29:53'),
(13,	4,	4,	1,	0.25,	0.13043478260869,	'2023-07-22 16:24:12',	'2023-07-22 16:29:53'),
(14,	4,	4,	2,	0.5,	0.090909090909091,	'2023-07-22 16:24:12',	'2023-07-22 16:29:53'),
(15,	4,	4,	3,	0.5,	0.090909090909091,	'2023-07-22 16:24:12',	'2023-07-22 16:29:53'),
(16,	4,	4,	4,	1,	0.11111111111111,	'2023-07-22 16:24:12',	'2023-07-22 16:29:53'),
(17,	5,	1,	1,	1,	0.43795620437957,	'2023-07-22 16:24:12',	'2023-07-22 19:33:09'),
(18,	5,	1,	2,	2,	0.48979591836735,	'2023-07-22 16:24:12',	'2023-07-22 19:33:09'),
(19,	5,	1,	3,	3,	0.4390243902439,	'2023-07-22 16:24:12',	'2023-07-22 19:33:09'),
(20,	5,	1,	4,	4,	0.38095238095238,	'2023-07-22 16:24:12',	'2023-07-22 19:33:09'),
(21,	5,	1,	5,	5,	0.33333333333333,	'2023-07-22 16:24:12',	'2023-07-22 19:33:09'),
(22,	6,	2,	1,	0.5,	0.21897810218978,	'2023-07-22 16:24:12',	'2023-07-22 19:33:09'),
(23,	6,	2,	2,	1,	0.24489795918368,	'2023-07-22 16:24:12',	'2023-07-22 19:33:09'),
(24,	6,	2,	3,	2,	0.29268292682927,	'2023-07-22 16:24:12',	'2023-07-22 19:33:09'),
(25,	6,	2,	4,	3,	0.28571428571429,	'2023-07-22 16:24:12',	'2023-07-22 19:33:09'),
(26,	6,	2,	5,	4,	0.26666666666667,	'2023-07-22 16:24:12',	'2023-07-22 19:33:09'),
(27,	7,	3,	1,	0.3333333333333333,	0.14598540145986,	'2023-07-22 16:24:12',	'2023-07-22 19:33:09'),
(28,	7,	3,	2,	0.5,	0.12244897959184,	'2023-07-22 16:24:12',	'2023-07-22 19:33:09'),
(29,	7,	3,	3,	1,	0.14634146341463,	'2023-07-22 16:24:12',	'2023-07-22 19:33:09'),
(30,	7,	3,	4,	2,	0.19047619047619,	'2023-07-22 16:24:12',	'2023-07-22 19:33:09'),
(31,	7,	3,	5,	3,	0.2,	'2023-07-22 16:24:12',	'2023-07-22 19:33:09'),
(32,	8,	4,	1,	0.25,	0.10948905109489,	'2023-07-22 16:24:12',	'2023-07-22 19:33:09'),
(33,	8,	4,	2,	0.3333333333333333,	0.081632653061225,	'2023-07-22 16:24:12',	'2023-07-22 19:33:09'),
(34,	8,	4,	3,	0.5,	0.073170731707317,	'2023-07-22 16:24:12',	'2023-07-22 19:33:09'),
(35,	8,	4,	4,	1,	0.095238095238095,	'2023-07-22 16:24:12',	'2023-07-22 19:33:10'),
(36,	8,	4,	5,	2,	0.13333333333333,	'2023-07-22 16:24:12',	'2023-07-22 19:33:10'),
(37,	9,	5,	1,	0.2,	0.087591240875914,	'2023-07-22 16:24:12',	'2023-07-22 19:33:10'),
(38,	9,	5,	2,	0.25,	0.061224489795919,	'2023-07-22 16:24:12',	'2023-07-22 19:33:10'),
(39,	9,	5,	3,	0.3333333333333333,	0.048780487804878,	'2023-07-22 16:24:12',	'2023-07-22 19:33:10'),
(40,	9,	5,	4,	0.5,	0.047619047619048,	'2023-07-22 16:24:12',	'2023-07-22 19:33:10'),
(41,	9,	5,	5,	1,	0.066666666666667,	'2023-07-22 16:24:12',	'2023-07-22 19:33:10'),
(42,	10,	1,	1,	1,	0.3,	'2023-07-22 16:24:12',	'2023-07-22 19:44:10'),
(43,	10,	1,	2,	1,	0.3,	'2023-07-22 16:24:12',	'2023-07-22 19:44:10'),
(44,	10,	1,	3,	3,	0.27272727272727,	'2023-07-22 16:24:12',	'2023-07-22 19:44:10'),
(45,	10,	1,	4,	2,	0.26666666666667,	'2023-07-22 16:24:12',	'2023-07-22 19:44:10'),
(46,	10,	1,	5,	2,	0.33333333333333,	'2023-07-22 16:24:12',	'2023-07-22 19:44:10'),
(47,	11,	2,	1,	1,	0.3,	'2023-07-22 16:24:12',	'2023-07-22 19:44:10'),
(48,	11,	2,	2,	1,	0.3,	'2023-07-22 16:24:12',	'2023-07-22 19:44:10'),
(49,	11,	2,	3,	3,	0.27272727272727,	'2023-07-22 16:24:12',	'2023-07-22 19:44:10'),
(50,	11,	2,	4,	2,	0.26666666666667,	'2023-07-22 16:24:12',	'2023-07-22 19:44:10'),
(51,	11,	2,	5,	2,	0.33333333333333,	'2023-07-22 16:24:12',	'2023-07-22 19:44:10'),
(52,	12,	3,	1,	0.3333333333333333,	0.1,	'2023-07-22 16:24:12',	'2023-07-22 19:44:10'),
(53,	12,	3,	2,	0.3333333333333333,	0.1,	'2023-07-22 16:24:12',	'2023-07-22 19:44:10'),
(54,	12,	3,	3,	1,	0.090909090909091,	'2023-07-22 16:24:12',	'2023-07-22 19:44:10'),
(55,	12,	3,	4,	0.5,	0.066666666666667,	'2023-07-22 16:24:12',	'2023-07-22 19:44:10'),
(56,	12,	3,	5,	0.5,	0.083333333333333,	'2023-07-22 16:24:12',	'2023-07-22 19:44:10'),
(57,	13,	4,	1,	0.5,	0.15,	'2023-07-22 16:24:12',	'2023-07-22 19:44:10'),
(58,	13,	4,	2,	0.5,	0.15,	'2023-07-22 16:24:12',	'2023-07-22 19:44:10'),
(59,	13,	4,	3,	2,	0.18181818181818,	'2023-07-22 16:24:12',	'2023-07-22 19:44:10'),
(60,	13,	4,	4,	1,	0.13333333333333,	'2023-07-22 16:24:12',	'2023-07-22 19:44:10'),
(61,	13,	4,	5,	0.5,	0.083333333333333,	'2023-07-22 16:24:12',	'2023-07-22 19:44:10'),
(62,	14,	5,	1,	0.5,	0.15,	'2023-07-22 16:24:12',	'2023-07-22 19:44:10'),
(63,	14,	5,	2,	0.5,	0.15,	'2023-07-22 16:24:12',	'2023-07-22 19:44:10'),
(64,	14,	5,	3,	2,	0.18181818181818,	'2023-07-22 16:24:12',	'2023-07-22 19:44:10'),
(65,	14,	5,	4,	2,	0.26666666666667,	'2023-07-22 16:24:12',	'2023-07-22 19:44:10'),
(66,	14,	5,	5,	1,	0.16666666666667,	'2023-07-22 16:24:12',	'2023-07-22 19:44:10');

INSERT INTO `subcriterias` (`id`, `criteria_id`, `order`, `name`, `comparison_column_sum`, `normalization_row_sum`, `priority`, `eigen`, `alternative_column_sum`, `created_at`, `updated_at`) VALUES
(1,	1,	1,	'Kedisiplinan',	1.9166666666667,	1.4727272727273,	0.51427316644707,	0.98569023569024,	149,	'2023-07-25 16:26:57',	'2023-07-25 16:30:33'),
(2,	1,	2,	'Tanggung Jawab',	5.5,	1.4727272727273,	0.18994290733421,	1.0446859903382,	160,	'2023-07-25 16:26:57',	'2023-07-25 16:30:33'),
(3,	1,	3,	'Komunikasi',	5.5,	0.44090909090909,	0.18994290733421,	1.0446859903382,	155,	'2023-07-25 16:26:57',	'2023-07-25 16:30:33'),
(4,	1,	4,	'Antusiasme',	9,	0.69848484848484,	0.1058410188845,	0.95256916996046,	158,	'2023-07-25 16:26:57',	'2023-07-25 16:30:33'),
(5,	2,	1,	'Pengetahuan &  Kemampuan Teknis',	2.2833333333333,	1.4727272727273,	0.4162124454553,	0.95035175045625,	160,	'2023-07-25 16:26:57',	'2023-07-25 16:30:33'),
(6,	2,	2,	'Efesiensi & Efektifitas',	4.0833333333333,	1.4727272727273,	0.26178798811674,	1.0689676181433,	150,	'2023-07-25 16:26:57',	'2023-07-25 16:30:33'),
(7,	2,	3,	'Kerjasama',	6.8333333333333,	0.44090909090909,	0.1610504069885,	1.1005111144214,	161,	'2023-07-25 16:26:57',	'2023-07-25 16:30:33'),
(8,	2,	4,	'Tindak lanjut pendelegasian',	10.5,	0.69848484848484,	0.098572772886972,	1.0350141153132,	154,	'2023-07-25 16:26:57',	'2023-07-25 16:30:33'),
(9,	2,	5,	'Pelaksanaan Tugas khusus',	15,	0.91515151515152,	0.062376386552486,	0.93564579828729,	161,	'2023-07-25 16:26:57',	'2023-07-25 16:30:33'),
(10,	3,	1,	'Pengaturan Waktu kerja',	3.3333333333333,	1.4727272727273,	0.29454545454546,	0.98181818181819,	145,	'2023-07-25 16:26:57',	'2023-07-25 16:30:33'),
(11,	3,	2,	'Kreatifitas',	3.3333333333333,	1.4727272727273,	0.29454545454546,	0.98181818181819,	149,	'2023-07-25 16:26:57',	'2023-07-25 16:30:33'),
(12,	3,	3,	'Pencatatan, Penyimpanan, Pelaporan',	11,	0.44090909090909,	0.088181818181818,	0.97,	139,	'2023-07-25 16:26:57',	'2023-07-25 16:30:33'),
(13,	3,	4,	'Pengelolaan Alat & Lingkungan Kerja',	7.5,	0.69848484848484,	0.13969696969697,	1.0477272727273,	141,	'2023-07-25 16:26:57',	'2023-07-25 16:30:33'),
(14,	3,	5,	'Kemampuan Persuasif',	6,	0.91515151515152,	0.1830303030303,	1.0981818181818,	147,	'2023-07-25 16:26:57',	'2023-07-25 16:30:33');

INSERT INTO `users` (`id`, `name`, `email`, `password`, `role`, `created_at`, `updated_at`) VALUES
(1,	'Admin',	'admin@spk.com',	'$2y$10$cW7Wp3nigSSjVqm24e/Jf.L1MytnBvmcGWOTqTE./PDd0nj0bfrP6',	'ADMIN',	'2023-07-25 16:26:57',	'2023-07-25 16:26:57'),
(2,	'Theo',	'theo@spk.com',	'$2y$10$RU85RPEQokQtXEhfmeHemOfxufBF7dGDENA986Wc63.ysjbBbrKQ2',	'ASSESSOR',	'2023-07-25 16:26:57',	'2023-07-25 16:26:57'),
(3,	'Steven',	'steven@spk.com',	'$2y$10$IVmH6eSTMmjp87kobTe21.m3zSkU1VATZ1yc9labUMhPVbD/Hma96',	'ASSESSOR',	'2023-07-25 16:26:57',	'2023-07-25 16:26:57'),
(4,	'Lili',	'lili@spk.com',	'$2y$10$2yHKDCQ2HdToa5OVW3OnmeOr4r3LVyznP.naIyOLPh3oc2rga0ini',	'ASSESSOR',	'2023-07-25 16:26:57',	'2023-07-25 16:26:57'),
(5,	'Ganjar',	'ganjar@spk.com',	'$2y$10$jXwluOmDXS2CzZk2IxMzr.gUIBvSwWue9G.Nn7vvaYwFUOSK3tWym',	'ASSESSOR',	'2023-07-25 16:26:57',	'2023-07-25 16:26:57'),
(6,	'Andrian',	'andrian@spk.com',	'$2y$10$rZ/VF16gJISF4yITMZI5BOQv..wYM/gANTHvbW1cJ2OGo5JMN/9Bi',	'ASSESSOR',	'2023-07-25 16:26:57',	'2023-07-25 16:26:57'),
(7,	'Erlan',	'erlan@spk.com',	'$2y$10$wNMbpUi7qZB.4/Dz5aZP5.kAH/Pc4BqTLOA8eLMeQrN4AvTW6rs8W',	'ASSESSOR',	'2023-07-25 16:26:57',	'2023-07-25 16:26:57');

-- 2023-12-09 02:52:24